g++ -c -pipe -fno-rtti -fno-exceptions -fvisibility=hidden -fvisibility-inlines-hidden -Wall -fpermissive -DFIX_FOR_QT -g -pthread -pthread -D_REENTRANT -Wall -Wextra -Wno-unused-parameter -Wno-unused-variable -Wno-reorder -Wno-missing-field-initializers -Wno-extra -fPIC -DQT_WEBOS -DSHIPPING_VERSION=0 -DTARGET_DESKTOP -DHAVE_OPENGL -DP_BACKEND=P_BACKEND_SOFT -DQT_NO_KEYWORDS -DQT_QUICK_LIB -DQT_WEBKITWIDGETS_LIB -DQT_WEBKIT_LIB -DQT_OPENGL_LIB -DQT_WIDGETS_LIB -DQT_GUI_LIB -DQT_QMLMODELS_LIB -DQT_QML_LIB -DQT_NETWORK_LIB -DQT_CORE_LIB -I. -ISrc -ISrc/base -ISrc/base/application -I./Src/base/hosts -I./Src/base/gesture -ISrc/base/windowdata -ISrc/base/settings -ISrc/core -I./Src/sound -ISrc/webbase -ISrc/lunaui -ISrc/lunaui/cards -ISrc/lunaui/notifications -I./Src/lunaui/emergency -ISrc/lunaui/dock -ISrc/minimalui -I./Src/lunaui/status-bar -I../../build-modern/staging/include -I/home/gcarrillo/repos/personal/webos-ce-mono/build-modern/staging/include/Qt -I/home/gcarrillo/repos/personal/webos-ce-mono/build-modern/staging/include/QtCore -I/home/gcarrillo/repos/personal/webos-ce-mono/build-modern/staging/include/QtGui -I/home/gcarrillo/repos/personal/webos-ce-mono/build-modern/staging/include/QtNetwork -I/home/gcarrillo/repos/personal/webos-ce-mono/build-modern/staging/include/QtOpenGL -I/home/gcarrillo/repos/personal/webos-ce-mono/build-modern/staging/include/QtSql -I/home/gcarrillo/repos/personal/webos-ce-mono/build-modern/staging/include/QtDeclarative -I/home/gcarrillo/repos/personal/webos-ce-mono/build-modern/staging/include/sysmgr-ipc -I../../build-modern/staging/include/ime -I../../build-modern/staging/include/luna-sysmgr-common -I../../build-modern/staging/usr/include -I/home/gcarrillo/repos/personal/webos-ce-mono/build-modern/staging/include/QtWebKitWidgets -I../../build-modern/staging/include -I../../build-modern/staging/usr/include -I../../build-modern/staging/usr/include/sysmgr-ipc -I../../build-modern/staging/include/luna-sysmgr-common -I../../build-modern/staging/include/luna-service2 -I../../build-modern/staging/include/ime -I/home/gcarrillo/repos/personal/webos-ce-mono/build-modern/staging/include/webkit/npapi -I/usr/include/glib-2.0 -I/usr/lib/x86_64-linux-gnu/glib-2.0/include -I/usr/include/sysprof-6 -I/usr/include/x86_64-linux-gnu/qt5 -I/usr/include/x86_64-linux-gnu/qt5/QtQuick -I../../build-modern/staging/qtwebkit/include -I../../build-modern/staging/qtwebkit/include/QtWebKitWidgets -I../../build-modern/staging/qtwebkit/include/QtWebKit -I/usr/include/x86_64-linux-gnu/qt5/QtOpenGL -I/usr/include/x86_64-linux-gnu/qt5/QtWidgets -I/usr/include/x86_64-linux-gnu/qt5/QtGui -I/usr/include/x86_64-linux-gnu/qt5/QtQmlModels -I/usr/include/x86_64-linux-gnu/qt5/QtQml -I/usr/include/x86_64-linux-gnu/qt5/QtNetwork -I/usr/include/x86_64-linux-gnu/qt5/QtCore -Idebug-x86/.moc -I/usr/lib/x86_64-linux-gnu/qt5/mkspecs/linux-g++ -o debug-x86/.obj/AlertWebApp.o Src/lunaui/notifications/AlertWebApp.cpp
In file included from Src/webbase/WindowedWebApp.h:29,
                 from Src/lunaui/notifications/AlertWebApp.h:27,
                 from Src/lunaui/notifications/AlertWebApp.cpp:24:
../../build-modern/staging/include/luna-sysmgr-common/AsyncCaller.h:49:26: warning: ‘GStaticRecMutex’ is deprecated: Use 'GRecMutex' instead [-Wdeprecated-declarations]
   49 |         GStaticRecMutex* m_mutex;
      |                          ^~~~~~~
In file included from /usr/include/glib-2.0/glib.h:115,
                 from ../../build-modern/staging/include/luna-sysmgr-common/AsyncCaller.h:27:
/usr/include/glib-2.0/glib/deprecated/gthread.h:160:33: note: declared here
  160 | typedef struct _GStaticRecMutex GStaticRecMutex GLIB_DEPRECATED_TYPE_IN_2_32_FOR(GRecMutex);
      |                                 ^~~~~~~~~~~~~~~
In file included from Src/webbase/WindowedWebApp.h:32:
../../build-modern/staging/include/luna-sysmgr-common/Event.h: In static member function ‘static bool Event::isPenEvent(Event*)’:
../../build-modern/staging/include/luna-sysmgr-common/Event.h:65:33: warning: bitwise operation between different enumeration types ‘SysMgrEvent::Type’ and ‘SysMgrEvent::EventMasks’ is deprecated [-Wdeprecated-enum-enum-conversion]
   65 |                 return (e->type & PenMask);
      |                         ~~~~~~~~^~~~~~~~~
../../build-modern/staging/include/luna-sysmgr-common/Event.h: In static member function ‘static bool Event::isKeyEvent(Event*)’:
../../build-modern/staging/include/luna-sysmgr-common/Event.h:69:33: warning: bitwise operation between different enumeration types ‘SysMgrEvent::Type’ and ‘SysMgrEvent::EventMasks’ is deprecated [-Wdeprecated-enum-enum-conversion]
   69 |                 return (e->type & KeyMask);
      |                         ~~~~~~~~^~~~~~~~~
../../build-modern/staging/include/luna-sysmgr-common/Event.h: In static member function ‘static bool Event::isGestureEvent(Event*)’:
../../build-modern/staging/include/luna-sysmgr-common/Event.h:73:33: warning: bitwise operation between different enumeration types ‘SysMgrEvent::Type’ and ‘SysMgrEvent::EventMasks’ is deprecated [-Wdeprecated-enum-enum-conversion]
   73 |                 return (e->type & GestureMask);
      |                         ~~~~~~~~^~~~~~~~~~~~~
../../build-modern/staging/include/luna-sysmgr-common/Event.h: In static member function ‘static bool Event::isPenOffEvent(Event*)’:
../../build-modern/staging/include/luna-sysmgr-common/Event.h:77:34: warning: bitwise operation between different enumeration types ‘SysMgrEvent::Type’ and ‘SysMgrEvent::EventMasks’ is deprecated [-Wdeprecated-enum-enum-conversion]
   77 |                 return ((e->type & PenMask) &&
      |                          ~~~~~~~~^~~~~~~~~
In file included from ../../build-modern/staging/include/luna-sysmgr-common/TaskBase.h:33,
                 from Src/core/SyncTask.h:27,
                 from Src/webbase/WebAppManager.h:34,
                 from Src/lunaui/notifications/AlertWebApp.cpp:28:
../../build-modern/staging/include/luna-sysmgr-common/Mutex.h: At global scope:
../../build-modern/staging/include/luna-sysmgr-common/Mutex.h:43:26: warning: ‘GStaticRecMutex’ is deprecated: Use 'GRecMutex' instead [-Wdeprecated-declarations]
   43 |         GStaticRecMutex* m_mutex;
      |                          ^~~~~~~
/usr/include/glib-2.0/glib/deprecated/gthread.h:160:33: note: declared here
  160 | typedef struct _GStaticRecMutex GStaticRecMutex GLIB_DEPRECATED_TYPE_IN_2_32_FOR(GRecMutex);
      |                                 ^~~~~~~~~~~~~~~
Src/lunaui/notifications/AlertWebApp.cpp: In destructor ‘virtual AlertWebApp::~AlertWebApp()’:
Src/lunaui/notifications/AlertWebApp.cpp:65:5: warning: this ‘for’ clause does not guard... [-Wmisleading-indentation]
   65 |     for (i = page()->children().constBegin(); i != page()->children().constEnd(); ++i)
      |     ^~~
Src/lunaui/notifications/AlertWebApp.cpp:68:9: note: ...this statement, but the latter is misleadingly indented as if it were guarded by the ‘for’
   68 |         stopPowerdActivity();
      |         ^~~~~~~~~~~~~~~~~~
g++ -c -pipe -fno-rtti -fno-exceptions -fvisibility=hidden -fvisibility-inlines-hidden -Wall -fpermissive -DFIX_FOR_QT -g -pthread -pthread -D_REENTRANT -Wall -Wextra -Wno-unused-parameter -Wno-unused-variable -Wno-reorder -Wno-missing-field-initializers -Wno-extra -fPIC -DQT_WEBOS -DSHIPPING_VERSION=0 -DTARGET_DESKTOP -DHAVE_OPENGL -DP_BACKEND=P_BACKEND_SOFT -DQT_NO_KEYWORDS -DQT_QUICK_LIB -DQT_WEBKITWIDGETS_LIB -DQT_WEBKIT_LIB -DQT_OPENGL_LIB -DQT_WIDGETS_LIB -DQT_GUI_LIB -DQT_QMLMODELS_LIB -DQT_QML_LIB -DQT_NETWORK_LIB -DQT_CORE_LIB -I. -ISrc -ISrc/base -ISrc/base/application -I./Src/base/hosts -I./Src/base/gesture -ISrc/base/windowdata -ISrc/base/settings -ISrc/core -I./Src/sound -ISrc/webbase -ISrc/lunaui -ISrc/lunaui/cards -ISrc/lunaui/notifications -I./Src/lunaui/emergency -ISrc/lunaui/dock -ISrc/minimalui -I./Src/lunaui/status-bar -I../../build-modern/staging/include -I/home/gcarrillo/repos/personal/webos-ce-mono/build-modern/staging/include/Qt -I/home/gcarrillo/repos/personal/webos-ce-mono/build-modern/staging/include/QtCore -I/home/gcarrillo/repos/personal/webos-ce-mono/build-modern/staging/include/QtGui -I/home/gcarrillo/repos/personal/webos-ce-mono/build-modern/staging/include/QtNetwork -I/home/gcarrillo/repos/personal/webos-ce-mono/build-modern/staging/include/QtOpenGL -I/home/gcarrillo/repos/personal/webos-ce-mono/build-modern/staging/include/QtSql -I/home/gcarrillo/repos/personal/webos-ce-mono/build-modern/staging/include/QtDeclarative -I/home/gcarrillo/repos/personal/webos-ce-mono/build-modern/staging/include/sysmgr-ipc -I../../build-modern/staging/include/ime -I../../build-modern/staging/include/luna-sysmgr-common -I../../build-modern/staging/usr/include -I/home/gcarrillo/repos/personal/webos-ce-mono/build-modern/staging/include/QtWebKitWidgets -I../../build-modern/staging/include -I../../build-modern/staging/usr/include -I../../build-modern/staging/usr/include/sysmgr-ipc -I../../build-modern/staging/include/luna-sysmgr-common -I../../build-modern/staging/include/luna-service2 -I../../build-modern/staging/include/ime -I/home/gcarrillo/repos/personal/webos-ce-mono/build-modern/staging/include/webkit/npapi -I/usr/include/glib-2.0 -I/usr/lib/x86_64-linux-gnu/glib-2.0/include -I/usr/include/sysprof-6 -I/usr/include/x86_64-linux-gnu/qt5 -I/usr/include/x86_64-linux-gnu/qt5/QtQuick -I../../build-modern/staging/qtwebkit/include -I../../build-modern/staging/qtwebkit/include/QtWebKitWidgets -I../../build-modern/staging/qtwebkit/include/QtWebKit -I/usr/include/x86_64-linux-gnu/qt5/QtOpenGL -I/usr/include/x86_64-linux-gnu/qt5/QtWidgets -I/usr/include/x86_64-linux-gnu/qt5/QtGui -I/usr/include/x86_64-linux-gnu/qt5/QtQmlModels -I/usr/include/x86_64-linux-gnu/qt5/QtQml -I/usr/include/x86_64-linux-gnu/qt5/QtNetwork -I/usr/include/x86_64-linux-gnu/qt5/QtCore -Idebug-x86/.moc -I/usr/lib/x86_64-linux-gnu/qt5/mkspecs/linux-g++ -o debug-x86/.obj/ApplicationDescription.o Src/base/application/ApplicationDescription.cpp
g++ -c -pipe -fno-rtti -fno-exceptions -fvisibility=hidden -fvisibility-inlines-hidden -Wall -fpermissive -DFIX_FOR_QT -g -pthread -pthread -D_REENTRANT -Wall -Wextra -Wno-unused-parameter -Wno-unused-variable -Wno-reorder -Wno-missing-field-initializers -Wno-extra -fPIC -DQT_WEBOS -DSHIPPING_VERSION=0 -DTARGET_DESKTOP -DHAVE_OPENGL -DP_BACKEND=P_BACKEND_SOFT -DQT_NO_KEYWORDS -DQT_QUICK_LIB -DQT_WEBKITWIDGETS_LIB -DQT_WEBKIT_LIB -DQT_OPENGL_LIB -DQT_WIDGETS_LIB -DQT_GUI_LIB -DQT_QMLMODELS_LIB -DQT_QML_LIB -DQT_NETWORK_LIB -DQT_CORE_LIB -I. -ISrc -ISrc/base -ISrc/base/application -I./Src/base/hosts -I./Src/base/gesture -ISrc/base/windowdata -ISrc/base/settings -ISrc/core -I./Src/sound -ISrc/webbase -ISrc/lunaui -ISrc/lunaui/cards -ISrc/lunaui/notifications -I./Src/lunaui/emergency -ISrc/lunaui/dock -ISrc/minimalui -I./Src/lunaui/status-bar -I../../build-modern/staging/include -I/home/gcarrillo/repos/personal/webos-ce-mono/build-modern/staging/include/Qt -I/home/gcarrillo/repos/personal/webos-ce-mono/build-modern/staging/include/QtCore -I/home/gcarrillo/repos/personal/webos-ce-mono/build-modern/staging/include/QtGui -I/home/gcarrillo/repos/personal/webos-ce-mono/build-modern/staging/include/QtNetwork -I/home/gcarrillo/repos/personal/webos-ce-mono/build-modern/staging/include/QtOpenGL -I/home/gcarrillo/repos/personal/webos-ce-mono/build-modern/staging/include/QtSql -I/home/gcarrillo/repos/personal/webos-ce-mono/build-modern/staging/include/QtDeclarative -I/home/gcarrillo/repos/personal/webos-ce-mono/build-modern/staging/include/sysmgr-ipc -I../../build-modern/staging/include/ime -I../../build-modern/staging/include/luna-sysmgr-common -I../../build-modern/staging/usr/include -I/home/gcarrillo/repos/personal/webos-ce-mono/build-modern/staging/include/QtWebKitWidgets -I../../build-modern/staging/include -I../../build-modern/staging/usr/include -I../../build-modern/staging/usr/include/sysmgr-ipc -I../../build-modern/staging/include/luna-sysmgr-common -I../../build-modern/staging/include/luna-service2 -I../../build-modern/staging/include/ime -I/home/gcarrillo/repos/personal/webos-ce-mono/build-modern/staging/include/webkit/npapi -I/usr/include/glib-2.0 -I/usr/lib/x86_64-linux-gnu/glib-2.0/include -I/usr/include/sysprof-6 -I/usr/include/x86_64-linux-gnu/qt5 -I/usr/include/x86_64-linux-gnu/qt5/QtQuick -I../../build-modern/staging/qtwebkit/include -I../../build-modern/staging/qtwebkit/include/QtWebKitWidgets -I../../build-modern/staging/qtwebkit/include/QtWebKit -I/usr/include/x86_64-linux-gnu/qt5/QtOpenGL -I/usr/include/x86_64-linux-gnu/qt5/QtWidgets -I/usr/include/x86_64-linux-gnu/qt5/QtGui -I/usr/include/x86_64-linux-gnu/qt5/QtQmlModels -I/usr/include/x86_64-linux-gnu/qt5/QtQml -I/usr/include/x86_64-linux-gnu/qt5/QtNetwork -I/usr/include/x86_64-linux-gnu/qt5/QtCore -Idebug-x86/.moc -I/usr/lib/x86_64-linux-gnu/qt5/mkspecs/linux-g++ -o debug-x86/.obj/BackupManager.o Src/base/BackupManager.cpp
In file included from Src/base/BackupManager.cpp:28:
../../build-modern/staging/include/luna-sysmgr-common/JSONUtils.h:43:57: warning: invalid suffix on literal; C++11 requires a space between literal and string macro [-Wliteral-suffix]
   43 | #define STANDARD_JSON_ERROR(errorCode, errorText)       "{\"returnValue\":false,\"errorCode\":"STR(errorCode)",\"errorText\":\"" errorText "\"}"
      |                                                         ^
In file included from ../../build-modern/staging/include/luna-sysmgr-common/TaskBase.h:31,
                 from ../../build-modern/staging/include/luna-sysmgr-common/HostBase.h:26,
                 from Src/base/BackupManager.cpp:27:
../../build-modern/staging/include/luna-sysmgr-common/AsyncCaller.h:49:26: warning: ‘GStaticRecMutex’ is deprecated: Use 'GRecMutex' instead [-Wdeprecated-declarations]
   49 |         GStaticRecMutex* m_mutex;
      |                          ^~~~~~~
In file included from /usr/include/glib-2.0/glib.h:115,
                 from ../../build-modern/staging/include/lunaservice.h:21,
                 from Src/base/BackupManager.h:30,
                 from Src/base/BackupManager.cpp:25:
/usr/include/glib-2.0/glib/deprecated/gthread.h:160:33: note: declared here
  160 | typedef struct _GStaticRecMutex GStaticRecMutex GLIB_DEPRECATED_TYPE_IN_2_32_FOR(GRecMutex);
      |                                 ^~~~~~~~~~~~~~~
In file included from ../../build-modern/staging/include/luna-sysmgr-common/TaskBase.h:32:
../../build-modern/staging/include/luna-sysmgr-common/Event.h: In static member function ‘static bool Event::isPenEvent(Event*)’:
../../build-modern/staging/include/luna-sysmgr-common/Event.h:65:33: warning: bitwise operation between different enumeration types ‘SysMgrEvent::Type’ and ‘SysMgrEvent::EventMasks’ is deprecated [-Wdeprecated-enum-enum-conversion]
   65 |                 return (e->type & PenMask);
      |                         ~~~~~~~~^~~~~~~~~
../../build-modern/staging/include/luna-sysmgr-common/Event.h: In static member function ‘static bool Event::isKeyEvent(Event*)’:
../../build-modern/staging/include/luna-sysmgr-common/Event.h:69:33: warning: bitwise operation between different enumeration types ‘SysMgrEvent::Type’ and ‘SysMgrEvent::EventMasks’ is deprecated [-Wdeprecated-enum-enum-conversion]
   69 |                 return (e->type & KeyMask);
      |                         ~~~~~~~~^~~~~~~~~
../../build-modern/staging/include/luna-sysmgr-common/Event.h: In static member function ‘static bool Event::isGestureEvent(Event*)’:
../../build-modern/staging/include/luna-sysmgr-common/Event.h:73:33: warning: bitwise operation between different enumeration types ‘SysMgrEvent::Type’ and ‘SysMgrEvent::EventMasks’ is deprecated [-Wdeprecated-enum-enum-conversion]
   73 |                 return (e->type & GestureMask);
      |                         ~~~~~~~~^~~~~~~~~~~~~
../../build-modern/staging/include/luna-sysmgr-common/Event.h: In static member function ‘static bool Event::isPenOffEvent(Event*)’:
../../build-modern/staging/include/luna-sysmgr-common/Event.h:77:34: warning: bitwise operation between different enumeration types ‘SysMgrEvent::Type’ and ‘SysMgrEvent::EventMasks’ is deprecated [-Wdeprecated-enum-enum-conversion]
   77 |                 return ((e->type & PenMask) &&
      |                          ~~~~~~~~^~~~~~~~~
In file included from ../../build-modern/staging/include/luna-sysmgr-common/TaskBase.h:33:
../../build-modern/staging/include/luna-sysmgr-common/Mutex.h: At global scope:
../../build-modern/staging/include/luna-sysmgr-common/Mutex.h:43:26: warning: ‘GStaticRecMutex’ is deprecated: Use 'GRecMutex' instead [-Wdeprecated-declarations]
   43 |         GStaticRecMutex* m_mutex;
      |                          ^~~~~~~
/usr/include/glib-2.0/glib/deprecated/gthread.h:160:33: note: declared here
  160 | typedef struct _GStaticRecMutex GStaticRecMutex GLIB_DEPRECATED_TYPE_IN_2_32_FOR(GRecMutex);
      |                                 ^~~~~~~~~~~~~~~
In file included from ../../build-modern/staging/usr/include/pbnjson.h:168,
                 from ../../build-modern/staging/include/luna-sysmgr-common/JSONUtils.h:25:
../../build-modern/staging/usr/include/pbnjson/c/jobject.h: In function ‘raw_buffer j_cstr_to_buffer(const char*)’:
../../build-modern/staging/usr/include/pbnjson/c/jobject.h:1052:47: warning: narrowing conversion of ‘strlen(cstring)’ from ‘size_t’ {aka ‘long unsigned int’} to ‘long int’ [-Wnarrowing]
 1052 |         return ((raw_buffer) { cstring, strlen(cstring) } );
      |                                         ~~~~~~^~~~~~~~~
../../build-modern/staging/usr/include/pbnjson/c/jobject.h: In function ‘raw_buffer j_str_to_buffer(const char*, size_t)’:
../../build-modern/staging/usr/include/pbnjson/c/jobject.h:1077:42: warning: narrowing conversion of ‘length’ from ‘size_t’ {aka ‘long unsigned int’} to ‘long int’ [-Wnarrowing]
 1077 |         return ((raw_buffer){ (string), (length) });
      |                                         ~^~~~~~~
In file included from ../../build-modern/staging/usr/include/pbnjson.hpp:164,
                 from ../../build-modern/staging/include/luna-sysmgr-common/JSONUtils.h:26:
../../build-modern/staging/usr/include/pbnjson/cxx/JValue.h: At global scope:
../../build-modern/staging/usr/include/pbnjson/cxx/JValue.h:513:44: warning: ‘template<class _Category, class _Tp, class _Distance, class _Pointer, class _Reference> struct std::iterator’ is deprecated [-Wdeprecated-declarations]
  513 |         class ObjectIterator : public std::iterator<std::input_iterator_tag, JValue, void, void, void> {
      |                                            ^~~~~~~~
In file included from /usr/include/c++/16/bits/stl_construct.h:61,
                 from /usr/include/c++/16/bits/char_traits.h:59,
                 from /usr/include/c++/16/string:45,
                 from Src/base/BackupManager.cpp:23:
/usr/include/c++/16/bits/stl_iterator_base_types.h:129:34: note: declared here
  129 |     struct _GLIBCXX17_DEPRECATED iterator
      |                                  ^~~~~~~~
../../build-modern/staging/usr/include/pbnjson/cxx/JValue.h:620:49: warning: ‘template<class _Category, class _Tp, class _Distance, class _Pointer, class _Reference> struct std::iterator’ is deprecated [-Wdeprecated-declarations]
  620 |         class ObjectConstIterator : public std::iterator<std::input_iterator_tag, JValue, void, void, void> {
      |                                                 ^~~~~~~~
/usr/include/c++/16/bits/stl_iterator_base_types.h:129:34: note: declared here
  129 |     struct _GLIBCXX17_DEPRECATED iterator
      |                                  ^~~~~~~~
In file included from ../../build-modern/staging/usr/include/pbnjson/cxx/JDomParser.h:22,
                 from ../../build-modern/staging/usr/include/pbnjson.hpp:167:
../../build-modern/staging/usr/include/pbnjson/cxx/JParser.h:181:41: warning: ‘virtual JSchemaResolutionResult pbnjson::JParser::resolve(JSchemaResolverRef, jschema**)’ was hidden [-Woverloaded-virtual=]
  181 |         virtual JSchemaResolutionResult resolve(JSchemaResolverRef abstractResolver, jschema_ref *resolvedSchema);
      |                                         ^~~~~~~
../../build-modern/staging/usr/include/pbnjson/cxx/JDomParser.h:110:33: note:   by ‘JSchemaResolutionResult pbnjson::JDomParser::resolve(void*, jschema**)’
  110 |         JSchemaResolutionResult resolve(void *resolver, jschema_ref *resolvedSchema);
      |                                 ^~~~~~~
In file included from ../../build-modern/staging/usr/include/pbnjson/cxx/JGenerator.h:24,
                 from ../../build-modern/staging/usr/include/pbnjson.hpp:165:
../../build-modern/staging/usr/include/pbnjson/cxx/JSchema.h:126:26: warning: ‘virtual pbnjson::JSchema& pbnjson::JSchema::operator=(const pbnjson::JSchema&)’ was hidden [-Woverloaded-virtual=]
  126 |         virtual JSchema& operator=(const JSchema& other);
      |                          ^~~~~~~~
In file included from ../../build-modern/staging/usr/include/pbnjson.hpp:168:
../../build-modern/staging/usr/include/pbnjson/cxx/JSchemaFile.h:47:20: note:   by ‘pbnjson::JSchemaFile& pbnjson::JSchemaFile::operator=(const pbnjson::JSchemaFile&)’
   47 | class PJSONCXX_API JSchemaFile : public JSchema
      |                    ^~~~~~~~~~~
../../build-modern/staging/usr/include/pbnjson/cxx/JSchema.h:126:26: warning: ‘virtual pbnjson::JSchema& pbnjson::JSchema::operator=(const pbnjson::JSchema&)’ was hidden [-Woverloaded-virtual=]
  126 |         virtual JSchema& operator=(const JSchema& other);
      |                          ^~~~~~~~
In file included from ../../build-modern/staging/usr/include/pbnjson.hpp:169:
../../build-modern/staging/usr/include/pbnjson/cxx/JSchemaFragment.h:41:20: note:   by ‘pbnjson::JSchemaFragment& pbnjson::JSchemaFragment::operator=(const pbnjson::JSchemaFragment&)’
   41 | class PJSONCXX_API JSchemaFragment : public JSchema
      |                    ^~~~~~~~~~~~~~~
g++ -c -pipe -fno-rtti -fno-exceptions -fvisibility=hidden -fvisibility-inlines-hidden -Wall -fpermissive -DFIX_FOR_QT -g -pthread -pthread -D_REENTRANT -Wall -Wextra -Wno-unused-parameter -Wno-unused-variable -Wno-reorder -Wno-missing-field-initializers -Wno-extra -fPIC -DQT_WEBOS -DSHIPPING_VERSION=0 -DTARGET_DESKTOP -DHAVE_OPENGL -DP_BACKEND=P_BACKEND_SOFT -DQT_NO_KEYWORDS -DQT_QUICK_LIB -DQT_WEBKITWIDGETS_LIB -DQT_WEBKIT_LIB -DQT_OPENGL_LIB -DQT_WIDGETS_LIB -DQT_GUI_LIB -DQT_QMLMODELS_LIB -DQT_QML_LIB -DQT_NETWORK_LIB -DQT_CORE_LIB -I. -ISrc -ISrc/base -ISrc/base/application -I./Src/base/hosts -I./Src/base/gesture -ISrc/base/windowdata -ISrc/base/settings -ISrc/core -I./Src/sound -ISrc/webbase -ISrc/lunaui -ISrc/lunaui/cards -ISrc/lunaui/notifications -I./Src/lunaui/emergency -ISrc/lunaui/dock -ISrc/minimalui -I./Src/lunaui/status-bar -I../../build-modern/staging/include -I/home/gcarrillo/repos/personal/webos-ce-mono/build-modern/staging/include/Qt -I/home/gcarrillo/repos/personal/webos-ce-mono/build-modern/staging/include/QtCore -I/home/gcarrillo/repos/personal/webos-ce-mono/build-modern/staging/include/QtGui -I/home/gcarrillo/repos/personal/webos-ce-mono/build-modern/staging/include/QtNetwork -I/home/gcarrillo/repos/personal/webos-ce-mono/build-modern/staging/include/QtOpenGL -I/home/gcarrillo/repos/personal/webos-ce-mono/build-modern/staging/include/QtSql -I/home/gcarrillo/repos/personal/webos-ce-mono/build-modern/staging/include/QtDeclarative -I/home/gcarrillo/repos/personal/webos-ce-mono/build-modern/staging/include/sysmgr-ipc -I../../build-modern/staging/include/ime -I../../build-modern/staging/include/luna-sysmgr-common -I../../build-modern/staging/usr/include -I/home/gcarrillo/repos/personal/webos-ce-mono/build-modern/staging/include/QtWebKitWidgets -I../../build-modern/staging/include -I../../build-modern/staging/usr/include -I../../build-modern/staging/usr/include/sysmgr-ipc -I../../build-modern/staging/include/luna-sysmgr-common -I../../build-modern/staging/include/luna-service2 -I../../build-modern/staging/include/ime -I/home/gcarrillo/repos/personal/webos-ce-mono/build-modern/staging/include/webkit/npapi -I/usr/include/glib-2.0 -I/usr/lib/x86_64-linux-gnu/glib-2.0/include -I/usr/include/sysprof-6 -I/usr/include/x86_64-linux-gnu/qt5 -I/usr/include/x86_64-linux-gnu/qt5/QtQuick -I../../build-modern/staging/qtwebkit/include -I../../build-modern/staging/qtwebkit/include/QtWebKitWidgets -I../../build-modern/staging/qtwebkit/include/QtWebKit -I/usr/include/x86_64-linux-gnu/qt5/QtOpenGL -I/usr/include/x86_64-linux-gnu/qt5/QtWidgets -I/usr/include/x86_64-linux-gnu/qt5/QtGui -I/usr/include/x86_64-linux-gnu/qt5/QtQmlModels -I/usr/include/x86_64-linux-gnu/qt5/QtQml -I/usr/include/x86_64-linux-gnu/qt5/QtNetwork -I/usr/include/x86_64-linux-gnu/qt5/QtCore -Idebug-x86/.moc -I/usr/lib/x86_64-linux-gnu/qt5/mkspecs/linux-g++ -o debug-x86/.obj/BannerMessageEventFactory.o Src/lunaui/notifications/BannerMessageEventFactory.cpp
g++ -c -pipe -fno-rtti -fno-exceptions -fvisibility=hidden -fvisibility-inlines-hidden -Wall -fpermissive -DFIX_FOR_QT -g -pthread -pthread -D_REENTRANT -Wall -Wextra -Wno-unused-parameter -Wno-unused-variable -Wno-reorder -Wno-missing-field-initializers -Wno-extra -fPIC -DQT_WEBOS -DSHIPPING_VERSION=0 -DTARGET_DESKTOP -DHAVE_OPENGL -DP_BACKEND=P_BACKEND_SOFT -DQT_NO_KEYWORDS -DQT_QUICK_LIB -DQT_WEBKITWIDGETS_LIB -DQT_WEBKIT_LIB -DQT_OPENGL_LIB -DQT_WIDGETS_LIB -DQT_GUI_LIB -DQT_QMLMODELS_LIB -DQT_QML_LIB -DQT_NETWORK_LIB -DQT_CORE_LIB -I. -ISrc -ISrc/base -ISrc/base/application -I./Src/base/hosts -I./Src/base/gesture -ISrc/base/windowdata -ISrc/base/settings -ISrc/core -I./Src/sound -ISrc/webbase -ISrc/lunaui -ISrc/lunaui/cards -ISrc/lunaui/notifications -I./Src/lunaui/emergency -ISrc/lunaui/dock -ISrc/minimalui -I./Src/lunaui/status-bar -I../../build-modern/staging/include -I/home/gcarrillo/repos/personal/webos-ce-mono/build-modern/staging/include/Qt -I/home/gcarrillo/repos/personal/webos-ce-mono/build-modern/staging/include/QtCore -I/home/gcarrillo/repos/personal/webos-ce-mono/build-modern/staging/include/QtGui -I/home/gcarrillo/repos/personal/webos-ce-mono/build-modern/staging/include/QtNetwork -I/home/gcarrillo/repos/personal/webos-ce-mono/build-modern/staging/include/QtOpenGL -I/home/gcarrillo/repos/personal/webos-ce-mono/build-modern/staging/include/QtSql -I/home/gcarrillo/repos/personal/webos-ce-mono/build-modern/staging/include/QtDeclarative -I/home/gcarrillo/repos/personal/webos-ce-mono/build-modern/staging/include/sysmgr-ipc -I../../build-modern/staging/include/ime -I../../build-modern/staging/include/luna-sysmgr-common -I../../build-modern/staging/usr/include -I/home/gcarrillo/repos/personal/webos-ce-mono/build-modern/staging/include/QtWebKitWidgets -I../../build-modern/staging/include -I../../build-modern/staging/usr/include -I../../build-modern/staging/usr/include/sysmgr-ipc -I../../build-modern/staging/include/luna-sysmgr-common -I../../build-modern/staging/include/luna-service2 -I../../build-modern/staging/include/ime -I/home/gcarrillo/repos/personal/webos-ce-mono/build-modern/staging/include/webkit/npapi -I/usr/include/glib-2.0 -I/usr/lib/x86_64-linux-gnu/glib-2.0/include -I/usr/include/sysprof-6 -I/usr/include/x86_64-linux-gnu/qt5 -I/usr/include/x86_64-linux-gnu/qt5/QtQuick -I../../build-modern/staging/qtwebkit/include -I../../build-modern/staging/qtwebkit/include/QtWebKitWidgets -I../../build-modern/staging/qtwebkit/include/QtWebKit -I/usr/include/x86_64-linux-gnu/qt5/QtOpenGL -I/usr/include/x86_64-linux-gnu/qt5/QtWidgets -I/usr/include/x86_64-linux-gnu/qt5/QtGui -I/usr/include/x86_64-linux-gnu/qt5/QtQmlModels -I/usr/include/x86_64-linux-gnu/qt5/QtQml -I/usr/include/x86_64-linux-gnu/qt5/QtNetwork -I/usr/include/x86_64-linux-gnu/qt5/QtCore -Idebug-x86/.moc -I/usr/lib/x86_64-linux-gnu/qt5/mkspecs/linux-g++ -o debug-x86/.obj/CardWebApp.o Src/lunaui/cards/CardWebApp.cpp
In file included from Src/webbase/WindowedWebApp.h:29,
                 from Src/lunaui/cards/CardWebApp.h:28,
                 from Src/lunaui/cards/CardWebApp.cpp:23:
../../build-modern/staging/include/luna-sysmgr-common/AsyncCaller.h:49:26: warning: ‘GStaticRecMutex’ is deprecated: Use 'GRecMutex' instead [-Wdeprecated-declarations]
   49 |         GStaticRecMutex* m_mutex;
      |                          ^~~~~~~
In file included from /usr/include/glib-2.0/glib.h:115,
                 from ../../build-modern/staging/include/luna-sysmgr-common/sptr.h:37,
                 from Src/lunaui/cards/CardWebApp.h:26:
/usr/include/glib-2.0/glib/deprecated/gthread.h:160:33: note: declared here
  160 | typedef struct _GStaticRecMutex GStaticRecMutex GLIB_DEPRECATED_TYPE_IN_2_32_FOR(GRecMutex);
      |                                 ^~~~~~~~~~~~~~~
In file included from Src/webbase/WindowedWebApp.h:32:
../../build-modern/staging/include/luna-sysmgr-common/Event.h: In static member function ‘static bool Event::isPenEvent(Event*)’:
../../build-modern/staging/include/luna-sysmgr-common/Event.h:65:33: warning: bitwise operation between different enumeration types ‘SysMgrEvent::Type’ and ‘SysMgrEvent::EventMasks’ is deprecated [-Wdeprecated-enum-enum-conversion]
   65 |                 return (e->type & PenMask);
      |                         ~~~~~~~~^~~~~~~~~
../../build-modern/staging/include/luna-sysmgr-common/Event.h: In static member function ‘static bool Event::isKeyEvent(Event*)’:
../../build-modern/staging/include/luna-sysmgr-common/Event.h:69:33: warning: bitwise operation between different enumeration types ‘SysMgrEvent::Type’ and ‘SysMgrEvent::EventMasks’ is deprecated [-Wdeprecated-enum-enum-conversion]
   69 |                 return (e->type & KeyMask);
      |                         ~~~~~~~~^~~~~~~~~
../../build-modern/staging/include/luna-sysmgr-common/Event.h: In static member function ‘static bool Event::isGestureEvent(Event*)’:
../../build-modern/staging/include/luna-sysmgr-common/Event.h:73:33: warning: bitwise operation between different enumeration types ‘SysMgrEvent::Type’ and ‘SysMgrEvent::EventMasks’ is deprecated [-Wdeprecated-enum-enum-conversion]
   73 |                 return (e->type & GestureMask);
      |                         ~~~~~~~~^~~~~~~~~~~~~
../../build-modern/staging/include/luna-sysmgr-common/Event.h: In static member function ‘static bool Event::isPenOffEvent(Event*)’:
../../build-modern/staging/include/luna-sysmgr-common/Event.h:77:34: warning: bitwise operation between different enumeration types ‘SysMgrEvent::Type’ and ‘SysMgrEvent::EventMasks’ is deprecated [-Wdeprecated-enum-enum-conversion]
   77 |                 return ((e->type & PenMask) &&
      |                          ~~~~~~~~^~~~~~~~~
In file included from ../../build-modern/staging/include/luna-sysmgr-common/TaskBase.h:33,
                 from Src/core/SyncTask.h:27,
                 from Src/webbase/WebAppManager.h:34,
                 from Src/lunaui/cards/CardWebApp.cpp:30:
../../build-modern/staging/include/luna-sysmgr-common/Mutex.h: At global scope:
../../build-modern/staging/include/luna-sysmgr-common/Mutex.h:43:26: warning: ‘GStaticRecMutex’ is deprecated: Use 'GRecMutex' instead [-Wdeprecated-declarations]
   43 |         GStaticRecMutex* m_mutex;
      |                          ^~~~~~~
/usr/include/glib-2.0/glib/deprecated/gthread.h:160:33: note: declared here
  160 | typedef struct _GStaticRecMutex GStaticRecMutex GLIB_DEPRECATED_TYPE_IN_2_32_FOR(GRecMutex);
      |                                 ^~~~~~~~~~~~~~~
g++ -c -pipe -fno-rtti -fno-exceptions -fvisibility=hidden -fvisibility-inlines-hidden -Wall -fpermissive -DFIX_FOR_QT -g -pthread -pthread -D_REENTRANT -Wall -Wextra -Wno-unused-parameter -Wno-unused-variable -Wno-reorder -Wno-missing-field-initializers -Wno-extra -fPIC -DQT_WEBOS -DSHIPPING_VERSION=0 -DTARGET_DESKTOP -DHAVE_OPENGL -DP_BACKEND=P_BACKEND_SOFT -DQT_NO_KEYWORDS -DQT_QUICK_LIB -DQT_WEBKITWIDGETS_LIB -DQT_WEBKIT_LIB -DQT_OPENGL_LIB -DQT_WIDGETS_LIB -DQT_GUI_LIB -DQT_QMLMODELS_LIB -DQT_QML_LIB -DQT_NETWORK_LIB -DQT_CORE_LIB -I. -ISrc -ISrc/base -ISrc/base/application -I./Src/base/hosts -I./Src/base/gesture -ISrc/base/windowdata -ISrc/base/settings -ISrc/core -I./Src/sound -ISrc/webbase -ISrc/lunaui -ISrc/lunaui/cards -ISrc/lunaui/notifications -I./Src/lunaui/emergency -ISrc/lunaui/dock -ISrc/minimalui -I./Src/lunaui/status-bar -I../../build-modern/staging/include -I/home/gcarrillo/repos/personal/webos-ce-mono/build-modern/staging/include/Qt -I/home/gcarrillo/repos/personal/webos-ce-mono/build-modern/staging/include/QtCore -I/home/gcarrillo/repos/personal/webos-ce-mono/build-modern/staging/include/QtGui -I/home/gcarrillo/repos/personal/webos-ce-mono/build-modern/staging/include/QtNetwork -I/home/gcarrillo/repos/personal/webos-ce-mono/build-modern/staging/include/QtOpenGL -I/home/gcarrillo/repos/personal/webos-ce-mono/build-modern/staging/include/QtSql -I/home/gcarrillo/repos/personal/webos-ce-mono/build-modern/staging/include/QtDeclarative -I/home/gcarrillo/repos/personal/webos-ce-mono/build-modern/staging/include/sysmgr-ipc -I../../build-modern/staging/include/ime -I../../build-modern/staging/include/luna-sysmgr-common -I../../build-modern/staging/usr/include -I/home/gcarrillo/repos/personal/webos-ce-mono/build-modern/staging/include/QtWebKitWidgets -I../../build-modern/staging/include -I../../build-modern/staging/usr/include -I../../build-modern/staging/usr/include/sysmgr-ipc -I../../build-modern/staging/include/luna-sysmgr-common -I../../build-modern/staging/include/luna-service2 -I../../build-modern/staging/include/ime -I/home/gcarrillo/repos/personal/webos-ce-mono/build-modern/staging/include/webkit/npapi -I/usr/include/glib-2.0 -I/usr/lib/x86_64-linux-gnu/glib-2.0/include -I/usr/include/sysprof-6 -I/usr/include/x86_64-linux-gnu/qt5 -I/usr/include/x86_64-linux-gnu/qt5/QtQuick -I../../build-modern/staging/qtwebkit/include -I../../build-modern/staging/qtwebkit/include/QtWebKitWidgets -I../../build-modern/staging/qtwebkit/include/QtWebKit -I/usr/include/x86_64-linux-gnu/qt5/QtOpenGL -I/usr/include/x86_64-linux-gnu/qt5/QtWidgets -I/usr/include/x86_64-linux-gnu/qt5/QtGui -I/usr/include/x86_64-linux-gnu/qt5/QtQmlModels -I/usr/include/x86_64-linux-gnu/qt5/QtQml -I/usr/include/x86_64-linux-gnu/qt5/QtNetwork -I/usr/include/x86_64-linux-gnu/qt5/QtCore -Idebug-x86/.moc -I/usr/lib/x86_64-linux-gnu/qt5/mkspecs/linux-g++ -o debug-x86/.obj/DashboardWebApp.o Src/lunaui/notifications/DashboardWebApp.cpp
In file included from Src/webbase/WindowedWebApp.h:29,
                 from Src/lunaui/notifications/DashboardWebApp.h:27,
                 from Src/lunaui/notifications/DashboardWebApp.cpp:24:
../../build-modern/staging/include/luna-sysmgr-common/AsyncCaller.h:49:26: warning: ‘GStaticRecMutex’ is deprecated: Use 'GRecMutex' instead [-Wdeprecated-declarations]
   49 |         GStaticRecMutex* m_mutex;
      |                          ^~~~~~~
In file included from /usr/include/glib-2.0/glib.h:115,
                 from ../../build-modern/staging/include/luna-sysmgr-common/AsyncCaller.h:27:
/usr/include/glib-2.0/glib/deprecated/gthread.h:160:33: note: declared here
  160 | typedef struct _GStaticRecMutex GStaticRecMutex GLIB_DEPRECATED_TYPE_IN_2_32_FOR(GRecMutex);
      |                                 ^~~~~~~~~~~~~~~
In file included from Src/webbase/WindowedWebApp.h:32:
../../build-modern/staging/include/luna-sysmgr-common/Event.h: In static member function ‘static bool Event::isPenEvent(Event*)’:
../../build-modern/staging/include/luna-sysmgr-common/Event.h:65:33: warning: bitwise operation between different enumeration types ‘SysMgrEvent::Type’ and ‘SysMgrEvent::EventMasks’ is deprecated [-Wdeprecated-enum-enum-conversion]
   65 |                 return (e->type & PenMask);
      |                         ~~~~~~~~^~~~~~~~~
../../build-modern/staging/include/luna-sysmgr-common/Event.h: In static member function ‘static bool Event::isKeyEvent(Event*)’:
../../build-modern/staging/include/luna-sysmgr-common/Event.h:69:33: warning: bitwise operation between different enumeration types ‘SysMgrEvent::Type’ and ‘SysMgrEvent::EventMasks’ is deprecated [-Wdeprecated-enum-enum-conversion]
   69 |                 return (e->type & KeyMask);
      |                         ~~~~~~~~^~~~~~~~~
../../build-modern/staging/include/luna-sysmgr-common/Event.h: In static member function ‘static bool Event::isGestureEvent(Event*)’:
../../build-modern/staging/include/luna-sysmgr-common/Event.h:73:33: warning: bitwise operation between different enumeration types ‘SysMgrEvent::Type’ and ‘SysMgrEvent::EventMasks’ is deprecated [-Wdeprecated-enum-enum-conversion]
   73 |                 return (e->type & GestureMask);
      |                         ~~~~~~~~^~~~~~~~~~~~~
../../build-modern/staging/include/luna-sysmgr-common/Event.h: In static member function ‘static bool Event::isPenOffEvent(Event*)’:
../../build-modern/staging/include/luna-sysmgr-common/Event.h:77:34: warning: bitwise operation between different enumeration types ‘SysMgrEvent::Type’ and ‘SysMgrEvent::EventMasks’ is deprecated [-Wdeprecated-enum-enum-conversion]
   77 |                 return ((e->type & PenMask) &&
      |                          ~~~~~~~~^~~~~~~~~
In file included from ../../build-modern/staging/include/luna-sysmgr-common/TaskBase.h:33,
                 from Src/core/SyncTask.h:27,
                 from Src/webbase/WebAppManager.h:34,
                 from Src/lunaui/notifications/DashboardWebApp.cpp:29:
../../build-modern/staging/include/luna-sysmgr-common/Mutex.h: At global scope:
../../build-modern/staging/include/luna-sysmgr-common/Mutex.h:43:26: warning: ‘GStaticRecMutex’ is deprecated: Use 'GRecMutex' instead [-Wdeprecated-declarations]
   43 |         GStaticRecMutex* m_mutex;
      |                          ^~~~~~~
/usr/include/glib-2.0/glib/deprecated/gthread.h:160:33: note: declared here
  160 | typedef struct _GStaticRecMutex GStaticRecMutex GLIB_DEPRECATED_TYPE_IN_2_32_FOR(GRecMutex);
      |                                 ^~~~~~~~~~~~~~~
g++ -c -pipe -fno-rtti -fno-exceptions -fvisibility=hidden -fvisibility-inlines-hidden -Wall -fpermissive -DFIX_FOR_QT -g -pthread -pthread -D_REENTRANT -Wall -Wextra -Wno-unused-parameter -Wno-unused-variable -Wno-reorder -Wno-missing-field-initializers -Wno-extra -fPIC -DQT_WEBOS -DSHIPPING_VERSION=0 -DTARGET_DESKTOP -DHAVE_OPENGL -DP_BACKEND=P_BACKEND_SOFT -DQT_NO_KEYWORDS -DQT_QUICK_LIB -DQT_WEBKITWIDGETS_LIB -DQT_WEBKIT_LIB -DQT_OPENGL_LIB -DQT_WIDGETS_LIB -DQT_GUI_LIB -DQT_QMLMODELS_LIB -DQT_QML_LIB -DQT_NETWORK_LIB -DQT_CORE_LIB -I. -ISrc -ISrc/base -ISrc/base/application -I./Src/base/hosts -I./Src/base/gesture -ISrc/base/windowdata -ISrc/base/settings -ISrc/core -I./Src/sound -ISrc/webbase -ISrc/lunaui -ISrc/lunaui/cards -ISrc/lunaui/notifications -I./Src/lunaui/emergency -ISrc/lunaui/dock -ISrc/minimalui -I./Src/lunaui/status-bar -I../../build-modern/staging/include -I/home/gcarrillo/repos/personal/webos-ce-mono/build-modern/staging/include/Qt -I/home/gcarrillo/repos/personal/webos-ce-mono/build-modern/staging/include/QtCore -I/home/gcarrillo/repos/personal/webos-ce-mono/build-modern/staging/include/QtGui -I/home/gcarrillo/repos/personal/webos-ce-mono/build-modern/staging/include/QtNetwork -I/home/gcarrillo/repos/personal/webos-ce-mono/build-modern/staging/include/QtOpenGL -I/home/gcarrillo/repos/personal/webos-ce-mono/build-modern/staging/include/QtSql -I/home/gcarrillo/repos/personal/webos-ce-mono/build-modern/staging/include/QtDeclarative -I/home/gcarrillo/repos/personal/webos-ce-mono/build-modern/staging/include/sysmgr-ipc -I../../build-modern/staging/include/ime -I../../build-modern/staging/include/luna-sysmgr-common -I../../build-modern/staging/usr/include -I/home/gcarrillo/repos/personal/webos-ce-mono/build-modern/staging/include/QtWebKitWidgets -I../../build-modern/staging/include -I../../build-modern/staging/usr/include -I../../build-modern/staging/usr/include/sysmgr-ipc -I../../build-modern/staging/include/luna-sysmgr-common -I../../build-modern/staging/include/luna-service2 -I../../build-modern/staging/include/ime -I/home/gcarrillo/repos/personal/webos-ce-mono/build-modern/staging/include/webkit/npapi -I/usr/include/glib-2.0 -I/usr/lib/x86_64-linux-gnu/glib-2.0/include -I/usr/include/sysprof-6 -I/usr/include/x86_64-linux-gnu/qt5 -I/usr/include/x86_64-linux-gnu/qt5/QtQuick -I../../build-modern/staging/qtwebkit/include -I../../build-modern/staging/qtwebkit/include/QtWebKitWidgets -I../../build-modern/staging/qtwebkit/include/QtWebKit -I/usr/include/x86_64-linux-gnu/qt5/QtOpenGL -I/usr/include/x86_64-linux-gnu/qt5/QtWidgets -I/usr/include/x86_64-linux-gnu/qt5/QtGui -I/usr/include/x86_64-linux-gnu/qt5/QtQmlModels -I/usr/include/x86_64-linux-gnu/qt5/QtQml -I/usr/include/x86_64-linux-gnu/qt5/QtNetwork -I/usr/include/x86_64-linux-gnu/qt5/QtCore -Idebug-x86/.moc -I/usr/lib/x86_64-linux-gnu/qt5/mkspecs/linux-g++ -o debug-x86/.obj/DeviceInfo.o Src/base/settings/DeviceInfo.cpp
In file included from ../../build-modern/staging/include/luna-sysmgr-common/TaskBase.h:31,
                 from ../../build-modern/staging/include/luna-sysmgr-common/HostBase.h:26,
                 from Src/base/settings/DeviceInfo.cpp:26:
../../build-modern/staging/include/luna-sysmgr-common/AsyncCaller.h:49:26: warning: ‘GStaticRecMutex’ is deprecated: Use 'GRecMutex' instead [-Wdeprecated-declarations]
   49 |         GStaticRecMutex* m_mutex;
      |                          ^~~~~~~
In file included from /usr/include/glib-2.0/glib.h:115,
                 from ../../build-modern/staging/include/luna-sysmgr-common/TaskBase.h:27:
/usr/include/glib-2.0/glib/deprecated/gthread.h:160:33: note: declared here
  160 | typedef struct _GStaticRecMutex GStaticRecMutex GLIB_DEPRECATED_TYPE_IN_2_32_FOR(GRecMutex);
      |                                 ^~~~~~~~~~~~~~~
In file included from ../../build-modern/staging/include/luna-sysmgr-common/TaskBase.h:32:
../../build-modern/staging/include/luna-sysmgr-common/Event.h: In static member function ‘static bool Event::isPenEvent(Event*)’:
../../build-modern/staging/include/luna-sysmgr-common/Event.h:65:33: warning: bitwise operation between different enumeration types ‘SysMgrEvent::Type’ and ‘SysMgrEvent::EventMasks’ is deprecated [-Wdeprecated-enum-enum-conversion]
   65 |                 return (e->type & PenMask);
      |                         ~~~~~~~~^~~~~~~~~
../../build-modern/staging/include/luna-sysmgr-common/Event.h: In static member function ‘static bool Event::isKeyEvent(Event*)’:
../../build-modern/staging/include/luna-sysmgr-common/Event.h:69:33: warning: bitwise operation between different enumeration types ‘SysMgrEvent::Type’ and ‘SysMgrEvent::EventMasks’ is deprecated [-Wdeprecated-enum-enum-conversion]
   69 |                 return (e->type & KeyMask);
      |                         ~~~~~~~~^~~~~~~~~
../../build-modern/staging/include/luna-sysmgr-common/Event.h: In static member function ‘static bool Event::isGestureEvent(Event*)’:
../../build-modern/staging/include/luna-sysmgr-common/Event.h:73:33: warning: bitwise operation between different enumeration types ‘SysMgrEvent::Type’ and ‘SysMgrEvent::EventMasks’ is deprecated [-Wdeprecated-enum-enum-conversion]
   73 |                 return (e->type & GestureMask);
      |                         ~~~~~~~~^~~~~~~~~~~~~
../../build-modern/staging/include/luna-sysmgr-common/Event.h: In static member function ‘static bool Event::isPenOffEvent(Event*)’:
../../build-modern/staging/include/luna-sysmgr-common/Event.h:77:34: warning: bitwise operation between different enumeration types ‘SysMgrEvent::Type’ and ‘SysMgrEvent::EventMasks’ is deprecated [-Wdeprecated-enum-enum-conversion]
   77 |                 return ((e->type & PenMask) &&
      |                          ~~~~~~~~^~~~~~~~~
In file included from ../../build-modern/staging/include/luna-sysmgr-common/TaskBase.h:33:
../../build-modern/staging/include/luna-sysmgr-common/Mutex.h: At global scope:
../../build-modern/staging/include/luna-sysmgr-common/Mutex.h:43:26: warning: ‘GStaticRecMutex’ is deprecated: Use 'GRecMutex' instead [-Wdeprecated-declarations]
   43 |         GStaticRecMutex* m_mutex;
      |                          ^~~~~~~
/usr/include/glib-2.0/glib/deprecated/gthread.h:160:33: note: declared here
  160 | typedef struct _GStaticRecMutex GStaticRecMutex GLIB_DEPRECATED_TYPE_IN_2_32_FOR(GRecMutex);
      |                                 ^~~~~~~~~~~~~~~
Src/base/settings/DeviceInfo.cpp: In member function ‘void DeviceInfo::gatherInfo()’:
Src/base/settings/DeviceInfo.cpp:201:13: warning: this ‘if’ clause does not guard... [-Wmisleading-indentation]
  201 |             if (!getLunaPrefSystemValue("com.palm.properties.deviceNameShortBranded", m_modelName))
      |             ^~
Src/base/settings/DeviceInfo.cpp:204:17: note: ...this statement, but the latter is misleadingly indented as if it were guarded by the ‘if’
  204 |                 if (!getLunaPrefSystemValue("com.palm.properties.deviceNameShort", m_modelNameAscii))
      |                 ^~
g++ -c -pipe -fno-rtti -fno-exceptions -fvisibility=hidden -fvisibility-inlines-hidden -Wall -fpermissive -DFIX_FOR_QT -g -pthread -pthread -D_REENTRANT -Wall -Wextra -Wno-unused-parameter -Wno-unused-variable -Wno-reorder -Wno-missing-field-initializers -Wno-extra -fPIC -DQT_WEBOS -DSHIPPING_VERSION=0 -DTARGET_DESKTOP -DHAVE_OPENGL -DP_BACKEND=P_BACKEND_SOFT -DQT_NO_KEYWORDS -DQT_QUICK_LIB -DQT_WEBKITWIDGETS_LIB -DQT_WEBKIT_LIB -DQT_OPENGL_LIB -DQT_WIDGETS_LIB -DQT_GUI_LIB -DQT_QMLMODELS_LIB -DQT_QML_LIB -DQT_NETWORK_LIB -DQT_CORE_LIB -I. -ISrc -ISrc/base -ISrc/base/application -I./Src/base/hosts -I./Src/base/gesture -ISrc/base/windowdata -ISrc/base/settings -ISrc/core -I./Src/sound -ISrc/webbase -ISrc/lunaui -ISrc/lunaui/cards -ISrc/lunaui/notifications -I./Src/lunaui/emergency -ISrc/lunaui/dock -ISrc/minimalui -I./Src/lunaui/status-bar -I../../build-modern/staging/include -I/home/gcarrillo/repos/personal/webos-ce-mono/build-modern/staging/include/Qt -I/home/gcarrillo/repos/personal/webos-ce-mono/build-modern/staging/include/QtCore -I/home/gcarrillo/repos/personal/webos-ce-mono/build-modern/staging/include/QtGui -I/home/gcarrillo/repos/personal/webos-ce-mono/build-modern/staging/include/QtNetwork -I/home/gcarrillo/repos/personal/webos-ce-mono/build-modern/staging/include/QtOpenGL -I/home/gcarrillo/repos/personal/webos-ce-mono/build-modern/staging/include/QtSql -I/home/gcarrillo/repos/personal/webos-ce-mono/build-modern/staging/include/QtDeclarative -I/home/gcarrillo/repos/personal/webos-ce-mono/build-modern/staging/include/sysmgr-ipc -I../../build-modern/staging/include/ime -I../../build-modern/staging/include/luna-sysmgr-common -I../../build-modern/staging/usr/include -I/home/gcarrillo/repos/personal/webos-ce-mono/build-modern/staging/include/QtWebKitWidgets -I../../build-modern/staging/include -I../../build-modern/staging/usr/include -I../../build-modern/staging/usr/include/sysmgr-ipc -I../../build-modern/staging/include/luna-sysmgr-common -I../../build-modern/staging/include/luna-service2 -I../../build-modern/staging/include/ime -I/home/gcarrillo/repos/personal/webos-ce-mono/build-modern/staging/include/webkit/npapi -I/usr/include/glib-2.0 -I/usr/lib/x86_64-linux-gnu/glib-2.0/include -I/usr/include/sysprof-6 -I/usr/include/x86_64-linux-gnu/qt5 -I/usr/include/x86_64-linux-gnu/qt5/QtQuick -I../../build-modern/staging/qtwebkit/include -I../../build-modern/staging/qtwebkit/include/QtWebKitWidgets -I../../build-modern/staging/qtwebkit/include/QtWebKit -I/usr/include/x86_64-linux-gnu/qt5/QtOpenGL -I/usr/include/x86_64-linux-gnu/qt5/QtWidgets -I/usr/include/x86_64-linux-gnu/qt5/QtGui -I/usr/include/x86_64-linux-gnu/qt5/QtQmlModels -I/usr/include/x86_64-linux-gnu/qt5/QtQml -I/usr/include/x86_64-linux-gnu/qt5/QtNetwork -I/usr/include/x86_64-linux-gnu/qt5/QtCore -Idebug-x86/.moc -I/usr/lib/x86_64-linux-gnu/qt5/mkspecs/linux-g++ -o debug-x86/.obj/DockWebApp.o Src/lunaui/dock/DockWebApp.cpp
In file included from Src/webbase/WindowedWebApp.h:29,
                 from Src/lunaui/dock/DockWebApp.h:27,
                 from Src/lunaui/dock/DockWebApp.cpp:26:
../../build-modern/staging/include/luna-sysmgr-common/AsyncCaller.h:49:26: warning: ‘GStaticRecMutex’ is deprecated: Use 'GRecMutex' instead [-Wdeprecated-declarations]
   49 |         GStaticRecMutex* m_mutex;
      |                          ^~~~~~~
In file included from /usr/include/glib-2.0/glib.h:115,
                 from ../../build-modern/staging/include/luna-sysmgr-common/AsyncCaller.h:27:
/usr/include/glib-2.0/glib/deprecated/gthread.h:160:33: note: declared here
  160 | typedef struct _GStaticRecMutex GStaticRecMutex GLIB_DEPRECATED_TYPE_IN_2_32_FOR(GRecMutex);
      |                                 ^~~~~~~~~~~~~~~
In file included from Src/webbase/WindowedWebApp.h:32:
../../build-modern/staging/include/luna-sysmgr-common/Event.h: In static member function ‘static bool Event::isPenEvent(Event*)’:
../../build-modern/staging/include/luna-sysmgr-common/Event.h:65:33: warning: bitwise operation between different enumeration types ‘SysMgrEvent::Type’ and ‘SysMgrEvent::EventMasks’ is deprecated [-Wdeprecated-enum-enum-conversion]
   65 |                 return (e->type & PenMask);
      |                         ~~~~~~~~^~~~~~~~~
../../build-modern/staging/include/luna-sysmgr-common/Event.h: In static member function ‘static bool Event::isKeyEvent(Event*)’:
../../build-modern/staging/include/luna-sysmgr-common/Event.h:69:33: warning: bitwise operation between different enumeration types ‘SysMgrEvent::Type’ and ‘SysMgrEvent::EventMasks’ is deprecated [-Wdeprecated-enum-enum-conversion]
   69 |                 return (e->type & KeyMask);
      |                         ~~~~~~~~^~~~~~~~~
../../build-modern/staging/include/luna-sysmgr-common/Event.h: In static member function ‘static bool Event::isGestureEvent(Event*)’:
../../build-modern/staging/include/luna-sysmgr-common/Event.h:73:33: warning: bitwise operation between different enumeration types ‘SysMgrEvent::Type’ and ‘SysMgrEvent::EventMasks’ is deprecated [-Wdeprecated-enum-enum-conversion]
   73 |                 return (e->type & GestureMask);
      |                         ~~~~~~~~^~~~~~~~~~~~~
../../build-modern/staging/include/luna-sysmgr-common/Event.h: In static member function ‘static bool Event::isPenOffEvent(Event*)’:
../../build-modern/staging/include/luna-sysmgr-common/Event.h:77:34: warning: bitwise operation between different enumeration types ‘SysMgrEvent::Type’ and ‘SysMgrEvent::EventMasks’ is deprecated [-Wdeprecated-enum-enum-conversion]
   77 |                 return ((e->type & PenMask) &&
      |                          ~~~~~~~~^~~~~~~~~
In file included from ../../build-modern/staging/include/luna-sysmgr-common/TaskBase.h:33,
                 from Src/core/SyncTask.h:27,
                 from Src/webbase/WebAppManager.h:34,
                 from Src/lunaui/dock/DockWebApp.cpp:29:
../../build-modern/staging/include/luna-sysmgr-common/Mutex.h: At global scope:
../../build-modern/staging/include/luna-sysmgr-common/Mutex.h:43:26: warning: ‘GStaticRecMutex’ is deprecated: Use 'GRecMutex' instead [-Wdeprecated-declarations]
   43 |         GStaticRecMutex* m_mutex;
      |                          ^~~~~~~
/usr/include/glib-2.0/glib/deprecated/gthread.h:160:33: note: declared here
  160 | typedef struct _GStaticRecMutex GStaticRecMutex GLIB_DEPRECATED_TYPE_IN_2_32_FOR(GRecMutex);
      |                                 ^~~~~~~~~~~~~~~
g++ -c -pipe -fno-rtti -fno-exceptions -fvisibility=hidden -fvisibility-inlines-hidden -Wall -fpermissive -DFIX_FOR_QT -g -pthread -pthread -D_REENTRANT -Wall -Wextra -Wno-unused-parameter -Wno-unused-variable -Wno-reorder -Wno-missing-field-initializers -Wno-extra -fPIC -DQT_WEBOS -DSHIPPING_VERSION=0 -DTARGET_DESKTOP -DHAVE_OPENGL -DP_BACKEND=P_BACKEND_SOFT -DQT_NO_KEYWORDS -DQT_QUICK_LIB -DQT_WEBKITWIDGETS_LIB -DQT_WEBKIT_LIB -DQT_OPENGL_LIB -DQT_WIDGETS_LIB -DQT_GUI_LIB -DQT_QMLMODELS_LIB -DQT_QML_LIB -DQT_NETWORK_LIB -DQT_CORE_LIB -I. -ISrc -ISrc/base -ISrc/base/application -I./Src/base/hosts -I./Src/base/gesture -ISrc/base/windowdata -ISrc/base/settings -ISrc/core -I./Src/sound -ISrc/webbase -ISrc/lunaui -ISrc/lunaui/cards -ISrc/lunaui/notifications -I./Src/lunaui/emergency -ISrc/lunaui/dock -ISrc/minimalui -I./Src/lunaui/status-bar -I../../build-modern/staging/include -I/home/gcarrillo/repos/personal/webos-ce-mono/build-modern/staging/include/Qt -I/home/gcarrillo/repos/personal/webos-ce-mono/build-modern/staging/include/QtCore -I/home/gcarrillo/repos/personal/webos-ce-mono/build-modern/staging/include/QtGui -I/home/gcarrillo/repos/personal/webos-ce-mono/build-modern/staging/include/QtNetwork -I/home/gcarrillo/repos/personal/webos-ce-mono/build-modern/staging/include/QtOpenGL -I/home/gcarrillo/repos/personal/webos-ce-mono/build-modern/staging/include/QtSql -I/home/gcarrillo/repos/personal/webos-ce-mono/build-modern/staging/include/QtDeclarative -I/home/gcarrillo/repos/personal/webos-ce-mono/build-modern/staging/include/sysmgr-ipc -I../../build-modern/staging/include/ime -I../../build-modern/staging/include/luna-sysmgr-common -I../../build-modern/staging/usr/include -I/home/gcarrillo/repos/personal/webos-ce-mono/build-modern/staging/include/QtWebKitWidgets -I../../build-modern/staging/include -I../../build-modern/staging/usr/include -I../../build-modern/staging/usr/include/sysmgr-ipc -I../../build-modern/staging/include/luna-sysmgr-common -I../../build-modern/staging/include/luna-service2 -I../../build-modern/staging/include/ime -I/home/gcarrillo/repos/personal/webos-ce-mono/build-modern/staging/include/webkit/npapi -I/usr/include/glib-2.0 -I/usr/lib/x86_64-linux-gnu/glib-2.0/include -I/usr/include/sysprof-6 -I/usr/include/x86_64-linux-gnu/qt5 -I/usr/include/x86_64-linux-gnu/qt5/QtQuick -I../../build-modern/staging/qtwebkit/include -I../../build-modern/staging/qtwebkit/include/QtWebKitWidgets -I../../build-modern/staging/qtwebkit/include/QtWebKit -I/usr/include/x86_64-linux-gnu/qt5/QtOpenGL -I/usr/include/x86_64-linux-gnu/qt5/QtWidgets -I/usr/include/x86_64-linux-gnu/qt5/QtGui -I/usr/include/x86_64-linux-gnu/qt5/QtQmlModels -I/usr/include/x86_64-linux-gnu/qt5/QtQml -I/usr/include/x86_64-linux-gnu/qt5/QtNetwork -I/usr/include/x86_64-linux-gnu/qt5/QtCore -Idebug-x86/.moc -I/usr/lib/x86_64-linux-gnu/qt5/mkspecs/linux-g++ -o debug-x86/.obj/EventReporter.o Src/base/EventReporter.cpp
In file included from Src/base/EventReporter.h:28,
                 from Src/base/EventReporter.cpp:28:
../../build-modern/staging/include/luna-sysmgr-common/Mutex.h:43:26: warning: ‘GStaticRecMutex’ is deprecated: Use 'GRecMutex' instead [-Wdeprecated-declarations]
   43 |         GStaticRecMutex* m_mutex;
      |                          ^~~~~~~
In file included from /usr/include/glib-2.0/glib.h:115,
                 from Src/base/EventReporter.cpp:24:
/usr/include/glib-2.0/glib/deprecated/gthread.h:160:33: note: declared here
  160 | typedef struct _GStaticRecMutex GStaticRecMutex GLIB_DEPRECATED_TYPE_IN_2_32_FOR(GRecMutex);
      |                                 ^~~~~~~~~~~~~~~
In file included from ../../build-modern/staging/include/luna-sysmgr-common/TaskBase.h:31,
                 from ../../build-modern/staging/include/luna-sysmgr-common/HostBase.h:26,
                 from Src/base/EventReporter.cpp:30:
../../build-modern/staging/include/luna-sysmgr-common/AsyncCaller.h:49:26: warning: ‘GStaticRecMutex’ is deprecated: Use 'GRecMutex' instead [-Wdeprecated-declarations]
   49 |         GStaticRecMutex* m_mutex;
      |                          ^~~~~~~
/usr/include/glib-2.0/glib/deprecated/gthread.h:160:33: note: declared here
  160 | typedef struct _GStaticRecMutex GStaticRecMutex GLIB_DEPRECATED_TYPE_IN_2_32_FOR(GRecMutex);
      |                                 ^~~~~~~~~~~~~~~
In file included from ../../build-modern/staging/include/luna-sysmgr-common/TaskBase.h:32:
../../build-modern/staging/include/luna-sysmgr-common/Event.h: In static member function ‘static bool Event::isPenEvent(Event*)’:
../../build-modern/staging/include/luna-sysmgr-common/Event.h:65:33: warning: bitwise operation between different enumeration types ‘SysMgrEvent::Type’ and ‘SysMgrEvent::EventMasks’ is deprecated [-Wdeprecated-enum-enum-conversion]
   65 |                 return (e->type & PenMask);
      |                         ~~~~~~~~^~~~~~~~~
../../build-modern/staging/include/luna-sysmgr-common/Event.h: In static member function ‘static bool Event::isKeyEvent(Event*)’:
../../build-modern/staging/include/luna-sysmgr-common/Event.h:69:33: warning: bitwise operation between different enumeration types ‘SysMgrEvent::Type’ and ‘SysMgrEvent::EventMasks’ is deprecated [-Wdeprecated-enum-enum-conversion]
   69 |                 return (e->type & KeyMask);
      |                         ~~~~~~~~^~~~~~~~~
../../build-modern/staging/include/luna-sysmgr-common/Event.h: In static member function ‘static bool Event::isGestureEvent(Event*)’:
../../build-modern/staging/include/luna-sysmgr-common/Event.h:73:33: warning: bitwise operation between different enumeration types ‘SysMgrEvent::Type’ and ‘SysMgrEvent::EventMasks’ is deprecated [-Wdeprecated-enum-enum-conversion]
   73 |                 return (e->type & GestureMask);
      |                         ~~~~~~~~^~~~~~~~~~~~~
../../build-modern/staging/include/luna-sysmgr-common/Event.h: In static member function ‘static bool Event::isPenOffEvent(Event*)’:
../../build-modern/staging/include/luna-sysmgr-common/Event.h:77:34: warning: bitwise operation between different enumeration types ‘SysMgrEvent::Type’ and ‘SysMgrEvent::EventMasks’ is deprecated [-Wdeprecated-enum-enum-conversion]
   77 |                 return ((e->type & PenMask) &&
      |                          ~~~~~~~~^~~~~~~~~
g++ -c -pipe -fno-rtti -fno-exceptions -fvisibility=hidden -fvisibility-inlines-hidden -Wall -fpermissive -DFIX_FOR_QT -g -pthread -pthread -D_REENTRANT -Wall -Wextra -Wno-unused-parameter -Wno-unused-variable -Wno-reorder -Wno-missing-field-initializers -Wno-extra -fPIC -DQT_WEBOS -DSHIPPING_VERSION=0 -DTARGET_DESKTOP -DHAVE_OPENGL -DP_BACKEND=P_BACKEND_SOFT -DQT_NO_KEYWORDS -DQT_QUICK_LIB -DQT_WEBKITWIDGETS_LIB -DQT_WEBKIT_LIB -DQT_OPENGL_LIB -DQT_WIDGETS_LIB -DQT_GUI_LIB -DQT_QMLMODELS_LIB -DQT_QML_LIB -DQT_NETWORK_LIB -DQT_CORE_LIB -I. -ISrc -ISrc/base -ISrc/base/application -I./Src/base/hosts -I./Src/base/gesture -ISrc/base/windowdata -ISrc/base/settings -ISrc/core -I./Src/sound -ISrc/webbase -ISrc/lunaui -ISrc/lunaui/cards -ISrc/lunaui/notifications -I./Src/lunaui/emergency -ISrc/lunaui/dock -ISrc/minimalui -I./Src/lunaui/status-bar -I../../build-modern/staging/include -I/home/gcarrillo/repos/personal/webos-ce-mono/build-modern/staging/include/Qt -I/home/gcarrillo/repos/personal/webos-ce-mono/build-modern/staging/include/QtCore -I/home/gcarrillo/repos/personal/webos-ce-mono/build-modern/staging/include/QtGui -I/home/gcarrillo/repos/personal/webos-ce-mono/build-modern/staging/include/QtNetwork -I/home/gcarrillo/repos/personal/webos-ce-mono/build-modern/staging/include/QtOpenGL -I/home/gcarrillo/repos/personal/webos-ce-mono/build-modern/staging/include/QtSql -I/home/gcarrillo/repos/personal/webos-ce-mono/build-modern/staging/include/QtDeclarative -I/home/gcarrillo/repos/personal/webos-ce-mono/build-modern/staging/include/sysmgr-ipc -I../../build-modern/staging/include/ime -I../../build-modern/staging/include/luna-sysmgr-common -I../../build-modern/staging/usr/include -I/home/gcarrillo/repos/personal/webos-ce-mono/build-modern/staging/include/QtWebKitWidgets -I../../build-modern/staging/include -I../../build-modern/staging/usr/include -I../../build-modern/staging/usr/include/sysmgr-ipc -I../../build-modern/staging/include/luna-sysmgr-common -I../../build-modern/staging/include/luna-service2 -I../../build-modern/staging/include/ime -I/home/gcarrillo/repos/personal/webos-ce-mono/build-modern/staging/include/webkit/npapi -I/usr/include/glib-2.0 -I/usr/lib/x86_64-linux-gnu/glib-2.0/include -I/usr/include/sysprof-6 -I/usr/include/x86_64-linux-gnu/qt5 -I/usr/include/x86_64-linux-gnu/qt5/QtQuick -I../../build-modern/staging/qtwebkit/include -I../../build-modern/staging/qtwebkit/include/QtWebKitWidgets -I../../build-modern/staging/qtwebkit/include/QtWebKit -I/usr/include/x86_64-linux-gnu/qt5/QtOpenGL -I/usr/include/x86_64-linux-gnu/qt5/QtWidgets -I/usr/include/x86_64-linux-gnu/qt5/QtGui -I/usr/include/x86_64-linux-gnu/qt5/QtQmlModels -I/usr/include/x86_64-linux-gnu/qt5/QtQml -I/usr/include/x86_64-linux-gnu/qt5/QtNetwork -I/usr/include/x86_64-linux-gnu/qt5/QtCore -Idebug-x86/.moc -I/usr/lib/x86_64-linux-gnu/qt5/mkspecs/linux-g++ -o debug-x86/.obj/KeyboardMapping.o Src/base/KeyboardMapping.cpp
In file included from Src/base/KeyboardMapping.cpp:29:
../../build-modern/staging/include/luna-sysmgr-common/Event.h: In static member function ‘static bool Event::isPenEvent(Event*)’:
../../build-modern/staging/include/luna-sysmgr-common/Event.h:65:33: warning: bitwise operation between different enumeration types ‘SysMgrEvent::Type’ and ‘SysMgrEvent::EventMasks’ is deprecated [-Wdeprecated-enum-enum-conversion]
   65 |                 return (e->type & PenMask);
      |                         ~~~~~~~~^~~~~~~~~
../../build-modern/staging/include/luna-sysmgr-common/Event.h: In static member function ‘static bool Event::isKeyEvent(Event*)’:
../../build-modern/staging/include/luna-sysmgr-common/Event.h:69:33: warning: bitwise operation between different enumeration types ‘SysMgrEvent::Type’ and ‘SysMgrEvent::EventMasks’ is deprecated [-Wdeprecated-enum-enum-conversion]
   69 |                 return (e->type & KeyMask);
      |                         ~~~~~~~~^~~~~~~~~
../../build-modern/staging/include/luna-sysmgr-common/Event.h: In static member function ‘static bool Event::isGestureEvent(Event*)’:
../../build-modern/staging/include/luna-sysmgr-common/Event.h:73:33: warning: bitwise operation between different enumeration types ‘SysMgrEvent::Type’ and ‘SysMgrEvent::EventMasks’ is deprecated [-Wdeprecated-enum-enum-conversion]
   73 |                 return (e->type & GestureMask);
      |                         ~~~~~~~~^~~~~~~~~~~~~
../../build-modern/staging/include/luna-sysmgr-common/Event.h: In static member function ‘static bool Event::isPenOffEvent(Event*)’:
../../build-modern/staging/include/luna-sysmgr-common/Event.h:77:34: warning: bitwise operation between different enumeration types ‘SysMgrEvent::Type’ and ‘SysMgrEvent::EventMasks’ is deprecated [-Wdeprecated-enum-enum-conversion]
   77 |                 return ((e->type & PenMask) &&
      |                          ~~~~~~~~^~~~~~~~~
g++ -c -pipe -fno-rtti -fno-exceptions -fvisibility=hidden -fvisibility-inlines-hidden -Wall -fpermissive -DFIX_FOR_QT -g -pthread -pthread -D_REENTRANT -Wall -Wextra -Wno-unused-parameter -Wno-unused-variable -Wno-reorder -Wno-missing-field-initializers -Wno-extra -fPIC -DQT_WEBOS -DSHIPPING_VERSION=0 -DTARGET_DESKTOP -DHAVE_OPENGL -DP_BACKEND=P_BACKEND_SOFT -DQT_NO_KEYWORDS -DQT_QUICK_LIB -DQT_WEBKITWIDGETS_LIB -DQT_WEBKIT_LIB -DQT_OPENGL_LIB -DQT_WIDGETS_LIB -DQT_GUI_LIB -DQT_QMLMODELS_LIB -DQT_QML_LIB -DQT_NETWORK_LIB -DQT_CORE_LIB -I. -ISrc -ISrc/base -ISrc/base/application -I./Src/base/hosts -I./Src/base/gesture -ISrc/base/windowdata -ISrc/base/settings -ISrc/core -I./Src/sound -ISrc/webbase -ISrc/lunaui -ISrc/lunaui/cards -ISrc/lunaui/notifications -I./Src/lunaui/emergency -ISrc/lunaui/dock -ISrc/minimalui -I./Src/lunaui/status-bar -I../../build-modern/staging/include -I/home/gcarrillo/repos/personal/webos-ce-mono/build-modern/staging/include/Qt -I/home/gcarrillo/repos/personal/webos-ce-mono/build-modern/staging/include/QtCore -I/home/gcarrillo/repos/personal/webos-ce-mono/build-modern/staging/include/QtGui -I/home/gcarrillo/repos/personal/webos-ce-mono/build-modern/staging/include/QtNetwork -I/home/gcarrillo/repos/personal/webos-ce-mono/build-modern/staging/include/QtOpenGL -I/home/gcarrillo/repos/personal/webos-ce-mono/build-modern/staging/include/QtSql -I/home/gcarrillo/repos/personal/webos-ce-mono/build-modern/staging/include/QtDeclarative -I/home/gcarrillo/repos/personal/webos-ce-mono/build-modern/staging/include/sysmgr-ipc -I../../build-modern/staging/include/ime -I../../build-modern/staging/include/luna-sysmgr-common -I../../build-modern/staging/usr/include -I/home/gcarrillo/repos/personal/webos-ce-mono/build-modern/staging/include/QtWebKitWidgets -I../../build-modern/staging/include -I../../build-modern/staging/usr/include -I../../build-modern/staging/usr/include/sysmgr-ipc -I../../build-modern/staging/include/luna-sysmgr-common -I../../build-modern/staging/include/luna-service2 -I../../build-modern/staging/include/ime -I/home/gcarrillo/repos/personal/webos-ce-mono/build-modern/staging/include/webkit/npapi -I/usr/include/glib-2.0 -I/usr/lib/x86_64-linux-gnu/glib-2.0/include -I/usr/include/sysprof-6 -I/usr/include/x86_64-linux-gnu/qt5 -I/usr/include/x86_64-linux-gnu/qt5/QtQuick -I../../build-modern/staging/qtwebkit/include -I../../build-modern/staging/qtwebkit/include/QtWebKitWidgets -I../../build-modern/staging/qtwebkit/include/QtWebKit -I/usr/include/x86_64-linux-gnu/qt5/QtOpenGL -I/usr/include/x86_64-linux-gnu/qt5/QtWidgets -I/usr/include/x86_64-linux-gnu/qt5/QtGui -I/usr/include/x86_64-linux-gnu/qt5/QtQmlModels -I/usr/include/x86_64-linux-gnu/qt5/QtQml -I/usr/include/x86_64-linux-gnu/qt5/QtNetwork -I/usr/include/x86_64-linux-gnu/qt5/QtCore -Idebug-x86/.moc -I/usr/lib/x86_64-linux-gnu/qt5/mkspecs/linux-g++ -o debug-x86/.obj/KeywordMap.o Src/core/KeywordMap.cpp
g++ -c -pipe -fno-rtti -fno-exceptions -fvisibility=hidden -fvisibility-inlines-hidden -Wall -fpermissive -DFIX_FOR_QT -g -pthread -pthread -D_REENTRANT -Wall -Wextra -Wno-unused-parameter -Wno-unused-variable -Wno-reorder -Wno-missing-field-initializers -Wno-extra -fPIC -DQT_WEBOS -DSHIPPING_VERSION=0 -DTARGET_DESKTOP -DHAVE_OPENGL -DP_BACKEND=P_BACKEND_SOFT -DQT_NO_KEYWORDS -DQT_QUICK_LIB -DQT_WEBKITWIDGETS_LIB -DQT_WEBKIT_LIB -DQT_OPENGL_LIB -DQT_WIDGETS_LIB -DQT_GUI_LIB -DQT_QMLMODELS_LIB -DQT_QML_LIB -DQT_NETWORK_LIB -DQT_CORE_LIB -I. -ISrc -ISrc/base -ISrc/base/application -I./Src/base/hosts -I./Src/base/gesture -ISrc/base/windowdata -ISrc/base/settings -ISrc/core -I./Src/sound -ISrc/webbase -ISrc/lunaui -ISrc/lunaui/cards -ISrc/lunaui/notifications -I./Src/lunaui/emergency -ISrc/lunaui/dock -ISrc/minimalui -I./Src/lunaui/status-bar -I../../build-modern/staging/include -I/home/gcarrillo/repos/personal/webos-ce-mono/build-modern/staging/include/Qt -I/home/gcarrillo/repos/personal/webos-ce-mono/build-modern/staging/include/QtCore -I/home/gcarrillo/repos/personal/webos-ce-mono/build-modern/staging/include/QtGui -I/home/gcarrillo/repos/personal/webos-ce-mono/build-modern/staging/include/QtNetwork -I/home/gcarrillo/repos/personal/webos-ce-mono/build-modern/staging/include/QtOpenGL -I/home/gcarrillo/repos/personal/webos-ce-mono/build-modern/staging/include/QtSql -I/home/gcarrillo/repos/personal/webos-ce-mono/build-modern/staging/include/QtDeclarative -I/home/gcarrillo/repos/personal/webos-ce-mono/build-modern/staging/include/sysmgr-ipc -I../../build-modern/staging/include/ime -I../../build-modern/staging/include/luna-sysmgr-common -I../../build-modern/staging/usr/include -I/home/gcarrillo/repos/personal/webos-ce-mono/build-modern/staging/include/QtWebKitWidgets -I../../build-modern/staging/include -I../../build-modern/staging/usr/include -I../../build-modern/staging/usr/include/sysmgr-ipc -I../../build-modern/staging/include/luna-sysmgr-common -I../../build-modern/staging/include/luna-service2 -I../../build-modern/staging/include/ime -I/home/gcarrillo/repos/personal/webos-ce-mono/build-modern/staging/include/webkit/npapi -I/usr/include/glib-2.0 -I/usr/lib/x86_64-linux-gnu/glib-2.0/include -I/usr/include/sysprof-6 -I/usr/include/x86_64-linux-gnu/qt5 -I/usr/include/x86_64-linux-gnu/qt5/QtQuick -I../../build-modern/staging/qtwebkit/include -I../../build-modern/staging/qtwebkit/include/QtWebKitWidgets -I../../build-modern/staging/qtwebkit/include/QtWebKit -I/usr/include/x86_64-linux-gnu/qt5/QtOpenGL -I/usr/include/x86_64-linux-gnu/qt5/QtWidgets -I/usr/include/x86_64-linux-gnu/qt5/QtGui -I/usr/include/x86_64-linux-gnu/qt5/QtQmlModels -I/usr/include/x86_64-linux-gnu/qt5/QtQml -I/usr/include/x86_64-linux-gnu/qt5/QtNetwork -I/usr/include/x86_64-linux-gnu/qt5/QtCore -Idebug-x86/.moc -I/usr/lib/x86_64-linux-gnu/qt5/mkspecs/linux-g++ -o debug-x86/.obj/Main.o Src/Main.cpp
In file included from ../../build-modern/staging/include/luna-sysmgr-common/TaskBase.h:31,
                 from ../../build-modern/staging/include/luna-sysmgr-common/HostBase.h:26,
                 from Src/Main.cpp:24:
../../build-modern/staging/include/luna-sysmgr-common/AsyncCaller.h:49:26: warning: ‘GStaticRecMutex’ is deprecated: Use 'GRecMutex' instead [-Wdeprecated-declarations]
   49 |         GStaticRecMutex* m_mutex;
      |                          ^~~~~~~
In file included from /usr/include/glib-2.0/glib.h:115,
                 from ../../build-modern/staging/include/luna-sysmgr-common/TaskBase.h:27:
/usr/include/glib-2.0/glib/deprecated/gthread.h:160:33: note: declared here
  160 | typedef struct _GStaticRecMutex GStaticRecMutex GLIB_DEPRECATED_TYPE_IN_2_32_FOR(GRecMutex);
      |                                 ^~~~~~~~~~~~~~~
In file included from ../../build-modern/staging/include/luna-sysmgr-common/TaskBase.h:32:
../../build-modern/staging/include/luna-sysmgr-common/Event.h: In static member function ‘static bool Event::isPenEvent(Event*)’:
../../build-modern/staging/include/luna-sysmgr-common/Event.h:65:33: warning: bitwise operation between different enumeration types ‘SysMgrEvent::Type’ and ‘SysMgrEvent::EventMasks’ is deprecated [-Wdeprecated-enum-enum-conversion]
   65 |                 return (e->type & PenMask);
      |                         ~~~~~~~~^~~~~~~~~
../../build-modern/staging/include/luna-sysmgr-common/Event.h: In static member function ‘static bool Event::isKeyEvent(Event*)’:
../../build-modern/staging/include/luna-sysmgr-common/Event.h:69:33: warning: bitwise operation between different enumeration types ‘SysMgrEvent::Type’ and ‘SysMgrEvent::EventMasks’ is deprecated [-Wdeprecated-enum-enum-conversion]
   69 |                 return (e->type & KeyMask);
      |                         ~~~~~~~~^~~~~~~~~
../../build-modern/staging/include/luna-sysmgr-common/Event.h: In static member function ‘static bool Event::isGestureEvent(Event*)’:
../../build-modern/staging/include/luna-sysmgr-common/Event.h:73:33: warning: bitwise operation between different enumeration types ‘SysMgrEvent::Type’ and ‘SysMgrEvent::EventMasks’ is deprecated [-Wdeprecated-enum-enum-conversion]
   73 |                 return (e->type & GestureMask);
      |                         ~~~~~~~~^~~~~~~~~~~~~
../../build-modern/staging/include/luna-sysmgr-common/Event.h: In static member function ‘static bool Event::isPenOffEvent(Event*)’:
../../build-modern/staging/include/luna-sysmgr-common/Event.h:77:34: warning: bitwise operation between different enumeration types ‘SysMgrEvent::Type’ and ‘SysMgrEvent::EventMasks’ is deprecated [-Wdeprecated-enum-enum-conversion]
   77 |                 return ((e->type & PenMask) &&
      |                          ~~~~~~~~^~~~~~~~~
In file included from ../../build-modern/staging/include/luna-sysmgr-common/TaskBase.h:33:
../../build-modern/staging/include/luna-sysmgr-common/Mutex.h: At global scope:
../../build-modern/staging/include/luna-sysmgr-common/Mutex.h:43:26: warning: ‘GStaticRecMutex’ is deprecated: Use 'GRecMutex' instead [-Wdeprecated-declarations]
   43 |         GStaticRecMutex* m_mutex;
      |                          ^~~~~~~
/usr/include/glib-2.0/glib/deprecated/gthread.h:160:33: note: declared here
  160 | typedef struct _GStaticRecMutex GStaticRecMutex GLIB_DEPRECATED_TYPE_IN_2_32_FOR(GRecMutex);
      |                                 ^~~~~~~~~~~~~~~
Src/Main.cpp: In function ‘int main(int, char**)’:
Src/Main.cpp:496:22: warning: ‘void g_thread_init(gpointer)’ is deprecated [-Wdeprecated-declarations]
  496 |         g_thread_init(NULL);
      |         ~~~~~~~~~~~~~^~~~~~
/usr/include/glib-2.0/glib/deprecated/gthread.h:271:10: note: declared here
  271 | void     g_thread_init                   (gpointer vtable);
      |          ^~~~~~~~~~~~~
g++ -c -pipe -fno-rtti -fno-exceptions -fvisibility=hidden -fvisibility-inlines-hidden -Wall -fpermissive -DFIX_FOR_QT -g -pthread -pthread -D_REENTRANT -Wall -Wextra -Wno-unused-parameter -Wno-unused-variable -Wno-reorder -Wno-missing-field-initializers -Wno-extra -fPIC -DQT_WEBOS -DSHIPPING_VERSION=0 -DTARGET_DESKTOP -DHAVE_OPENGL -DP_BACKEND=P_BACKEND_SOFT -DQT_NO_KEYWORDS -DQT_QUICK_LIB -DQT_WEBKITWIDGETS_LIB -DQT_WEBKIT_LIB -DQT_OPENGL_LIB -DQT_WIDGETS_LIB -DQT_GUI_LIB -DQT_QMLMODELS_LIB -DQT_QML_LIB -DQT_NETWORK_LIB -DQT_CORE_LIB -I. -ISrc -ISrc/base -ISrc/base/application -I./Src/base/hosts -I./Src/base/gesture -ISrc/base/windowdata -ISrc/base/settings -ISrc/core -I./Src/sound -ISrc/webbase -ISrc/lunaui -ISrc/lunaui/cards -ISrc/lunaui/notifications -I./Src/lunaui/emergency -ISrc/lunaui/dock -ISrc/minimalui -I./Src/lunaui/status-bar -I../../build-modern/staging/include -I/home/gcarrillo/repos/personal/webos-ce-mono/build-modern/staging/include/Qt -I/home/gcarrillo/repos/personal/webos-ce-mono/build-modern/staging/include/QtCore -I/home/gcarrillo/repos/personal/webos-ce-mono/build-modern/staging/include/QtGui -I/home/gcarrillo/repos/personal/webos-ce-mono/build-modern/staging/include/QtNetwork -I/home/gcarrillo/repos/personal/webos-ce-mono/build-modern/staging/include/QtOpenGL -I/home/gcarrillo/repos/personal/webos-ce-mono/build-modern/staging/include/QtSql -I/home/gcarrillo/repos/personal/webos-ce-mono/build-modern/staging/include/QtDeclarative -I/home/gcarrillo/repos/personal/webos-ce-mono/build-modern/staging/include/sysmgr-ipc -I../../build-modern/staging/include/ime -I../../build-modern/staging/include/luna-sysmgr-common -I../../build-modern/staging/usr/include -I/home/gcarrillo/repos/personal/webos-ce-mono/build-modern/staging/include/QtWebKitWidgets -I../../build-modern/staging/include -I../../build-modern/staging/usr/include -I../../build-modern/staging/usr/include/sysmgr-ipc -I../../build-modern/staging/include/luna-sysmgr-common -I../../build-modern/staging/include/luna-service2 -I../../build-modern/staging/include/ime -I/home/gcarrillo/repos/personal/webos-ce-mono/build-modern/staging/include/webkit/npapi -I/usr/include/glib-2.0 -I/usr/lib/x86_64-linux-gnu/glib-2.0/include -I/usr/include/sysprof-6 -I/usr/include/x86_64-linux-gnu/qt5 -I/usr/include/x86_64-linux-gnu/qt5/QtQuick -I../../build-modern/staging/qtwebkit/include -I../../build-modern/staging/qtwebkit/include/QtWebKitWidgets -I../../build-modern/staging/qtwebkit/include/QtWebKit -I/usr/include/x86_64-linux-gnu/qt5/QtOpenGL -I/usr/include/x86_64-linux-gnu/qt5/QtWidgets -I/usr/include/x86_64-linux-gnu/qt5/QtGui -I/usr/include/x86_64-linux-gnu/qt5/QtQmlModels -I/usr/include/x86_64-linux-gnu/qt5/QtQml -I/usr/include/x86_64-linux-gnu/qt5/QtNetwork -I/usr/include/x86_64-linux-gnu/qt5/QtCore -Idebug-x86/.moc -I/usr/lib/x86_64-linux-gnu/qt5/mkspecs/linux-g++ -o debug-x86/.obj/MemoryWatcher.o Src/webbase/MemoryWatcher.cpp
In file included from ../../build-modern/staging/include/luna-sysmgr-common/TaskBase.h:31,
                 from Src/core/SyncTask.h:27,
                 from Src/webbase/WebAppManager.h:34,
                 from Src/webbase/MemoryWatcher.cpp:34:
../../build-modern/staging/include/luna-sysmgr-common/AsyncCaller.h:49:26: warning: ‘GStaticRecMutex’ is deprecated: Use 'GRecMutex' instead [-Wdeprecated-declarations]
   49 |         GStaticRecMutex* m_mutex;
      |                          ^~~~~~~
In file included from /usr/include/glib-2.0/glib.h:115,
                 from ../../build-modern/staging/include/luna-sysmgr-common/Timer.h:27,
                 from Src/webbase/MemoryWatcher.h:31,
                 from Src/webbase/MemoryWatcher.cpp:30:
/usr/include/glib-2.0/glib/deprecated/gthread.h:160:33: note: declared here
  160 | typedef struct _GStaticRecMutex GStaticRecMutex GLIB_DEPRECATED_TYPE_IN_2_32_FOR(GRecMutex);
      |                                 ^~~~~~~~~~~~~~~
In file included from ../../build-modern/staging/include/luna-sysmgr-common/TaskBase.h:32:
../../build-modern/staging/include/luna-sysmgr-common/Event.h: In static member function ‘static bool Event::isPenEvent(Event*)’:
../../build-modern/staging/include/luna-sysmgr-common/Event.h:65:33: warning: bitwise operation between different enumeration types ‘SysMgrEvent::Type’ and ‘SysMgrEvent::EventMasks’ is deprecated [-Wdeprecated-enum-enum-conversion]
   65 |                 return (e->type & PenMask);
      |                         ~~~~~~~~^~~~~~~~~
../../build-modern/staging/include/luna-sysmgr-common/Event.h: In static member function ‘static bool Event::isKeyEvent(Event*)’:
../../build-modern/staging/include/luna-sysmgr-common/Event.h:69:33: warning: bitwise operation between different enumeration types ‘SysMgrEvent::Type’ and ‘SysMgrEvent::EventMasks’ is deprecated [-Wdeprecated-enum-enum-conversion]
   69 |                 return (e->type & KeyMask);
      |                         ~~~~~~~~^~~~~~~~~
../../build-modern/staging/include/luna-sysmgr-common/Event.h: In static member function ‘static bool Event::isGestureEvent(Event*)’:
../../build-modern/staging/include/luna-sysmgr-common/Event.h:73:33: warning: bitwise operation between different enumeration types ‘SysMgrEvent::Type’ and ‘SysMgrEvent::EventMasks’ is deprecated [-Wdeprecated-enum-enum-conversion]
   73 |                 return (e->type & GestureMask);
      |                         ~~~~~~~~^~~~~~~~~~~~~
../../build-modern/staging/include/luna-sysmgr-common/Event.h: In static member function ‘static bool Event::isPenOffEvent(Event*)’:
../../build-modern/staging/include/luna-sysmgr-common/Event.h:77:34: warning: bitwise operation between different enumeration types ‘SysMgrEvent::Type’ and ‘SysMgrEvent::EventMasks’ is deprecated [-Wdeprecated-enum-enum-conversion]
   77 |                 return ((e->type & PenMask) &&
      |                          ~~~~~~~~^~~~~~~~~
In file included from ../../build-modern/staging/include/luna-sysmgr-common/TaskBase.h:33:
../../build-modern/staging/include/luna-sysmgr-common/Mutex.h: At global scope:
../../build-modern/staging/include/luna-sysmgr-common/Mutex.h:43:26: warning: ‘GStaticRecMutex’ is deprecated: Use 'GRecMutex' instead [-Wdeprecated-declarations]
   43 |         GStaticRecMutex* m_mutex;
      |                          ^~~~~~~
/usr/include/glib-2.0/glib/deprecated/gthread.h:160:33: note: declared here
  160 | typedef struct _GStaticRecMutex GStaticRecMutex GLIB_DEPRECATED_TYPE_IN_2_32_FOR(GRecMutex);
      |                                 ^~~~~~~~~~~~~~~
In file included from Src/webbase/MemoryWatcher.h:30:
../../build-modern/staging/include/luna-sysmgr-common/SignalSlot.h: In instantiation of ‘SignalBase<Arg0, Arg1, Arg2, Arg3, Arg4>::~SignalBase() [with Arg0 = MemoryWatcher::MemState; Arg1 = void; Arg2 = void; Arg3 = void; Arg4 = void]’:
../../build-modern/staging/include/luna-sysmgr-common/SignalSlot.h:331:7:   required from here
  331 | class Signal<Arg0, void, void, void, void> : public SignalBase<Arg0>
      |       ^~~~~~~~~~~~~~~~~~~~~~~~~~~~~~~~~~~~
../../build-modern/staging/include/luna-sysmgr-common/SignalSlot.h:255:25: warning: deleting object of abstract class type ‘SlotBase<MemoryWatcher::MemState, void, void, void, void>’ which has non-virtual destructor will cause undefined behavior [-Wdelete-non-virtual-dtor]
  255 |                         delete (*it);
      |                         ^~~~~~~~~~~~
../../build-modern/staging/include/luna-sysmgr-common/SignalSlot.h: In instantiation of ‘void SignalBase<Arg0, Arg1, Arg2, Arg3, Arg4>::disconnect(Trackable*) [with Arg0 = MemoryWatcher::MemState; Arg1 = void; Arg2 = void; Arg3 = void; Arg4 = void]’:
../../build-modern/staging/include/luna-sysmgr-common/SignalSlot.h:284:3:   required from ‘void SignalBase<Arg0, Arg1, Arg2, Arg3, Arg4>::disconnectTrackable(Trackable*) [with Arg0 = MemoryWatcher::MemState; Arg1 = void; Arg2 = void; Arg3 = void; Arg4 = void]’
  284 |                 disconnect(recv);
      |                 ^~~~~~~~~~
../../build-modern/staging/include/luna-sysmgr-common/SignalSlot.h:283:15:   required from here
  283 |         virtual void disconnectTrackable(Trackable* recv) {
      |                      ^~~~~~~~~~~~~~~~~~~
../../build-modern/staging/include/luna-sysmgr-common/SignalSlot.h:274:33: warning: deleting object of abstract class type ‘SlotBase<MemoryWatcher::MemState, void, void, void, void>’ which has non-virtual destructor will cause undefined behavior [-Wdelete-non-virtual-dtor]
  274 |                                 delete (*it);
      |                                 ^~~~~~~~~~~~
g++ -c -pipe -fno-rtti -fno-exceptions -fvisibility=hidden -fvisibility-inlines-hidden -Wall -fpermissive -DFIX_FOR_QT -g -pthread -pthread -D_REENTRANT -Wall -Wextra -Wno-unused-parameter -Wno-unused-variable -Wno-reorder -Wno-missing-field-initializers -Wno-extra -fPIC -DQT_WEBOS -DSHIPPING_VERSION=0 -DTARGET_DESKTOP -DHAVE_OPENGL -DP_BACKEND=P_BACKEND_SOFT -DQT_NO_KEYWORDS -DQT_QUICK_LIB -DQT_WEBKITWIDGETS_LIB -DQT_WEBKIT_LIB -DQT_OPENGL_LIB -DQT_WIDGETS_LIB -DQT_GUI_LIB -DQT_QMLMODELS_LIB -DQT_QML_LIB -DQT_NETWORK_LIB -DQT_CORE_LIB -I. -ISrc -ISrc/base -ISrc/base/application -I./Src/base/hosts -I./Src/base/gesture -ISrc/base/windowdata -ISrc/base/settings -ISrc/core -I./Src/sound -ISrc/webbase -ISrc/lunaui -ISrc/lunaui/cards -ISrc/lunaui/notifications -I./Src/lunaui/emergency -ISrc/lunaui/dock -ISrc/minimalui -I./Src/lunaui/status-bar -I../../build-modern/staging/include -I/home/gcarrillo/repos/personal/webos-ce-mono/build-modern/staging/include/Qt -I/home/gcarrillo/repos/personal/webos-ce-mono/build-modern/staging/include/QtCore -I/home/gcarrillo/repos/personal/webos-ce-mono/build-modern/staging/include/QtGui -I/home/gcarrillo/repos/personal/webos-ce-mono/build-modern/staging/include/QtNetwork -I/home/gcarrillo/repos/personal/webos-ce-mono/build-modern/staging/include/QtOpenGL -I/home/gcarrillo/repos/personal/webos-ce-mono/build-modern/staging/include/QtSql -I/home/gcarrillo/repos/personal/webos-ce-mono/build-modern/staging/include/QtDeclarative -I/home/gcarrillo/repos/personal/webos-ce-mono/build-modern/staging/include/sysmgr-ipc -I../../build-modern/staging/include/ime -I../../build-modern/staging/include/luna-sysmgr-common -I../../build-modern/staging/usr/include -I/home/gcarrillo/repos/personal/webos-ce-mono/build-modern/staging/include/QtWebKitWidgets -I../../build-modern/staging/include -I../../build-modern/staging/usr/include -I../../build-modern/staging/usr/include/sysmgr-ipc -I../../build-modern/staging/include/luna-sysmgr-common -I../../build-modern/staging/include/luna-service2 -I../../build-modern/staging/include/ime -I/home/gcarrillo/repos/personal/webos-ce-mono/build-modern/staging/include/webkit/npapi -I/usr/include/glib-2.0 -I/usr/lib/x86_64-linux-gnu/glib-2.0/include -I/usr/include/sysprof-6 -I/usr/include/x86_64-linux-gnu/qt5 -I/usr/include/x86_64-linux-gnu/qt5/QtQuick -I../../build-modern/staging/qtwebkit/include -I../../build-modern/staging/qtwebkit/include/QtWebKitWidgets -I../../build-modern/staging/qtwebkit/include/QtWebKit -I/usr/include/x86_64-linux-gnu/qt5/QtOpenGL -I/usr/include/x86_64-linux-gnu/qt5/QtWidgets -I/usr/include/x86_64-linux-gnu/qt5/QtGui -I/usr/include/x86_64-linux-gnu/qt5/QtQmlModels -I/usr/include/x86_64-linux-gnu/qt5/QtQml -I/usr/include/x86_64-linux-gnu/qt5/QtNetwork -I/usr/include/x86_64-linux-gnu/qt5/QtCore -Idebug-x86/.moc -I/usr/lib/x86_64-linux-gnu/qt5/mkspecs/linux-g++ -o debug-x86/.obj/PalmSystem.o Src/webbase/PalmSystem.cpp
In file included from Src/webbase/PalmSystem.h:9,
                 from Src/webbase/PalmSystem.cpp:2:
../../build-modern/staging/include/luna-sysmgr-common/Event.h: In static member function ‘static bool Event::isPenEvent(Event*)’:
../../build-modern/staging/include/luna-sysmgr-common/Event.h:65:33: warning: bitwise operation between different enumeration types ‘SysMgrEvent::Type’ and ‘SysMgrEvent::EventMasks’ is deprecated [-Wdeprecated-enum-enum-conversion]
   65 |                 return (e->type & PenMask);
      |                         ~~~~~~~~^~~~~~~~~
../../build-modern/staging/include/luna-sysmgr-common/Event.h: In static member function ‘static bool Event::isKeyEvent(Event*)’:
../../build-modern/staging/include/luna-sysmgr-common/Event.h:69:33: warning: bitwise operation between different enumeration types ‘SysMgrEvent::Type’ and ‘SysMgrEvent::EventMasks’ is deprecated [-Wdeprecated-enum-enum-conversion]
   69 |                 return (e->type & KeyMask);
      |                         ~~~~~~~~^~~~~~~~~
../../build-modern/staging/include/luna-sysmgr-common/Event.h: In static member function ‘static bool Event::isGestureEvent(Event*)’:
../../build-modern/staging/include/luna-sysmgr-common/Event.h:73:33: warning: bitwise operation between different enumeration types ‘SysMgrEvent::Type’ and ‘SysMgrEvent::EventMasks’ is deprecated [-Wdeprecated-enum-enum-conversion]
   73 |                 return (e->type & GestureMask);
      |                         ~~~~~~~~^~~~~~~~~~~~~
../../build-modern/staging/include/luna-sysmgr-common/Event.h: In static member function ‘static bool Event::isPenOffEvent(Event*)’:
../../build-modern/staging/include/luna-sysmgr-common/Event.h:77:34: warning: bitwise operation between different enumeration types ‘SysMgrEvent::Type’ and ‘SysMgrEvent::EventMasks’ is deprecated [-Wdeprecated-enum-enum-conversion]
   77 |                 return ((e->type & PenMask) &&
      |                          ~~~~~~~~^~~~~~~~~
In file included from Src/webbase/WindowedWebApp.h:29,
                 from Src/lunaui/notifications/AlertWebApp.h:27,
                 from Src/webbase/PalmSystem.cpp:4:
../../build-modern/staging/include/luna-sysmgr-common/AsyncCaller.h: At global scope:
../../build-modern/staging/include/luna-sysmgr-common/AsyncCaller.h:49:26: warning: ‘GStaticRecMutex’ is deprecated: Use 'GRecMutex' instead [-Wdeprecated-declarations]
   49 |         GStaticRecMutex* m_mutex;
      |                          ^~~~~~~
In file included from /usr/include/glib-2.0/glib.h:115,
                 from ../../build-modern/staging/include/luna-sysmgr-common/Event.h:28:
/usr/include/glib-2.0/glib/deprecated/gthread.h:160:33: note: declared here
  160 | typedef struct _GStaticRecMutex GStaticRecMutex GLIB_DEPRECATED_TYPE_IN_2_32_FOR(GRecMutex);
      |                                 ^~~~~~~~~~~~~~~
In file included from ../../build-modern/staging/include/luna-sysmgr-common/LocalePreferences.h:27,
                 from Src/webbase/PalmSystem.cpp:11:
../../build-modern/staging/include/luna-sysmgr-common/Mutex.h:43:26: warning: ‘GStaticRecMutex’ is deprecated: Use 'GRecMutex' instead [-Wdeprecated-declarations]
   43 |         GStaticRecMutex* m_mutex;
      |                          ^~~~~~~
/usr/include/glib-2.0/glib/deprecated/gthread.h:160:33: note: declared here
  160 | typedef struct _GStaticRecMutex GStaticRecMutex GLIB_DEPRECATED_TYPE_IN_2_32_FOR(GRecMutex);
      |                                 ^~~~~~~~~~~~~~~
In file included from ../../build-modern/staging/usr/include/pbnjson.hpp:164,
                 from Src/webbase/PalmSystem.cpp:20:
../../build-modern/staging/usr/include/pbnjson/cxx/JValue.h:513:44: warning: ‘template<class _Category, class _Tp, class _Distance, class _Pointer, class _Reference> struct std::iterator’ is deprecated [-Wdeprecated-declarations]
  513 |         class ObjectIterator : public std::iterator<std::input_iterator_tag, JValue, void, void, void> {
      |                                            ^~~~~~~~
In file included from /usr/include/c++/16/bits/stl_algobase.h:64,
                 from /usr/include/c++/16/algorithm:62,
                 from /usr/include/x86_64-linux-gnu/qt5/QtCore/qglobal.h:142,
                 from /usr/include/x86_64-linux-gnu/qt5/QtCore/qnamespace.h:43,
                 from /usr/include/x86_64-linux-gnu/qt5/QtCore/qobjectdefs.h:48,
                 from /usr/include/x86_64-linux-gnu/qt5/QtCore/qobject.h:46,
                 from /usr/include/x86_64-linux-gnu/qt5/QtCore/QObject:1,
                 from Src/webbase/PalmSystem.h:5:
/usr/include/c++/16/bits/stl_iterator_base_types.h:129:34: note: declared here
  129 |     struct _GLIBCXX17_DEPRECATED iterator
      |                                  ^~~~~~~~
../../build-modern/staging/usr/include/pbnjson/cxx/JValue.h:620:49: warning: ‘template<class _Category, class _Tp, class _Distance, class _Pointer, class _Reference> struct std::iterator’ is deprecated [-Wdeprecated-declarations]
  620 |         class ObjectConstIterator : public std::iterator<std::input_iterator_tag, JValue, void, void, void> {
      |                                                 ^~~~~~~~
/usr/include/c++/16/bits/stl_iterator_base_types.h:129:34: note: declared here
  129 |     struct _GLIBCXX17_DEPRECATED iterator
      |                                  ^~~~~~~~
In file included from ../../build-modern/staging/usr/include/pbnjson/cxx/JDomParser.h:22,
                 from ../../build-modern/staging/usr/include/pbnjson.hpp:167:
../../build-modern/staging/usr/include/pbnjson/cxx/JParser.h:181:41: warning: ‘virtual JSchemaResolutionResult pbnjson::JParser::resolve(JSchemaResolverRef, jschema**)’ was hidden [-Woverloaded-virtual=]
  181 |         virtual JSchemaResolutionResult resolve(JSchemaResolverRef abstractResolver, jschema_ref *resolvedSchema);
      |                                         ^~~~~~~
../../build-modern/staging/usr/include/pbnjson/cxx/JDomParser.h:110:33: note:   by ‘JSchemaResolutionResult pbnjson::JDomParser::resolve(void*, jschema**)’
  110 |         JSchemaResolutionResult resolve(void *resolver, jschema_ref *resolvedSchema);
      |                                 ^~~~~~~
In file included from ../../build-modern/staging/usr/include/pbnjson/cxx/JGenerator.h:24,
                 from ../../build-modern/staging/usr/include/pbnjson.hpp:165:
../../build-modern/staging/usr/include/pbnjson/cxx/JSchema.h:126:26: warning: ‘virtual pbnjson::JSchema& pbnjson::JSchema::operator=(const pbnjson::JSchema&)’ was hidden [-Woverloaded-virtual=]
  126 |         virtual JSchema& operator=(const JSchema& other);
      |                          ^~~~~~~~
In file included from ../../build-modern/staging/usr/include/pbnjson.hpp:168:
../../build-modern/staging/usr/include/pbnjson/cxx/JSchemaFile.h:47:20: note:   by ‘pbnjson::JSchemaFile& pbnjson::JSchemaFile::operator=(const pbnjson::JSchemaFile&)’
   47 | class PJSONCXX_API JSchemaFile : public JSchema
      |                    ^~~~~~~~~~~
../../build-modern/staging/usr/include/pbnjson/cxx/JSchema.h:126:26: warning: ‘virtual pbnjson::JSchema& pbnjson::JSchema::operator=(const pbnjson::JSchema&)’ was hidden [-Woverloaded-virtual=]
  126 |         virtual JSchema& operator=(const JSchema& other);
      |                          ^~~~~~~~
In file included from ../../build-modern/staging/usr/include/pbnjson.hpp:169:
../../build-modern/staging/usr/include/pbnjson/cxx/JSchemaFragment.h:41:20: note:   by ‘pbnjson::JSchemaFragment& pbnjson::JSchemaFragment::operator=(const pbnjson::JSchemaFragment&)’
   41 | class PJSONCXX_API JSchemaFragment : public JSchema
      |                    ^~~~~~~~~~~~~~~
g++ -c -pipe -fno-rtti -fno-exceptions -fvisibility=hidden -fvisibility-inlines-hidden -Wall -fpermissive -DFIX_FOR_QT -g -pthread -pthread -D_REENTRANT -Wall -Wextra -Wno-unused-parameter -Wno-unused-variable -Wno-reorder -Wno-missing-field-initializers -Wno-extra -fPIC -DQT_WEBOS -DSHIPPING_VERSION=0 -DTARGET_DESKTOP -DHAVE_OPENGL -DP_BACKEND=P_BACKEND_SOFT -DQT_NO_KEYWORDS -DQT_QUICK_LIB -DQT_WEBKITWIDGETS_LIB -DQT_WEBKIT_LIB -DQT_OPENGL_LIB -DQT_WIDGETS_LIB -DQT_GUI_LIB -DQT_QMLMODELS_LIB -DQT_QML_LIB -DQT_NETWORK_LIB -DQT_CORE_LIB -I. -ISrc -ISrc/base -ISrc/base/application -I./Src/base/hosts -I./Src/base/gesture -ISrc/base/windowdata -ISrc/base/settings -ISrc/core -I./Src/sound -ISrc/webbase -ISrc/lunaui -ISrc/lunaui/cards -ISrc/lunaui/notifications -I./Src/lunaui/emergency -ISrc/lunaui/dock -ISrc/minimalui -I./Src/lunaui/status-bar -I../../build-modern/staging/include -I/home/gcarrillo/repos/personal/webos-ce-mono/build-modern/staging/include/Qt -I/home/gcarrillo/repos/personal/webos-ce-mono/build-modern/staging/include/QtCore -I/home/gcarrillo/repos/personal/webos-ce-mono/build-modern/staging/include/QtGui -I/home/gcarrillo/repos/personal/webos-ce-mono/build-modern/staging/include/QtNetwork -I/home/gcarrillo/repos/personal/webos-ce-mono/build-modern/staging/include/QtOpenGL -I/home/gcarrillo/repos/personal/webos-ce-mono/build-modern/staging/include/QtSql -I/home/gcarrillo/repos/personal/webos-ce-mono/build-modern/staging/include/QtDeclarative -I/home/gcarrillo/repos/personal/webos-ce-mono/build-modern/staging/include/sysmgr-ipc -I../../build-modern/staging/include/ime -I../../build-modern/staging/include/luna-sysmgr-common -I../../build-modern/staging/usr/include -I/home/gcarrillo/repos/personal/webos-ce-mono/build-modern/staging/include/QtWebKitWidgets -I../../build-modern/staging/include -I../../build-modern/staging/usr/include -I../../build-modern/staging/usr/include/sysmgr-ipc -I../../build-modern/staging/include/luna-sysmgr-common -I../../build-modern/staging/include/luna-service2 -I../../build-modern/staging/include/ime -I/home/gcarrillo/repos/personal/webos-ce-mono/build-modern/staging/include/webkit/npapi -I/usr/include/glib-2.0 -I/usr/lib/x86_64-linux-gnu/glib-2.0/include -I/usr/include/sysprof-6 -I/usr/include/x86_64-linux-gnu/qt5 -I/usr/include/x86_64-linux-gnu/qt5/QtQuick -I../../build-modern/staging/qtwebkit/include -I../../build-modern/staging/qtwebkit/include/QtWebKitWidgets -I../../build-modern/staging/qtwebkit/include/QtWebKit -I/usr/include/x86_64-linux-gnu/qt5/QtOpenGL -I/usr/include/x86_64-linux-gnu/qt5/QtWidgets -I/usr/include/x86_64-linux-gnu/qt5/QtGui -I/usr/include/x86_64-linux-gnu/qt5/QtQmlModels -I/usr/include/x86_64-linux-gnu/qt5/QtQml -I/usr/include/x86_64-linux-gnu/qt5/QtNetwork -I/usr/include/x86_64-linux-gnu/qt5/QtCore -Idebug-x86/.moc -I/usr/lib/x86_64-linux-gnu/qt5/mkspecs/linux-g++ -o debug-x86/.obj/ProcessManager.o Src/webbase/ProcessManager.cpp
In file included from /usr/lib/x86_64-linux-gnu/glib-2.0/include/glibconfig.h:9,
                 from /usr/include/glib-2.0/glib/gtypes.h:34,
                 from /usr/include/glib-2.0/glib/galloca.h:34,
                 from /usr/include/glib-2.0/glib.h:32,
                 from Src/webbase/ProcessManager.cpp:24:
/usr/include/glib-2.0/glib/gmacros.h:1337:33: warning: Deprecated pre-processor symbol: replace with "g_mutex_init"
 1337 | #define _GLIB_GNUC_DO_PRAGMA(x) _Pragma(G_STRINGIFY (x))
      |                                 ^~~~~~~
/usr/include/glib-2.0/glib/gmacros.h:1340:3: note: in expansion of macro ‘_GLIB_GNUC_DO_PRAGMA’
 1340 |   _GLIB_GNUC_DO_PRAGMA(GCC warning G_STRINGIFY (Deprecated pre-processor symbol: replace with #f))
      |   ^~~~~~~~~~~~~~~~~~~~
/usr/include/glib-2.0/glib/glib-visibility.h:142:46: note: in expansion of macro ‘GLIB_DEPRECATED_MACRO_FOR’
  142 | #define GLIB_DEPRECATED_MACRO_IN_2_32_FOR(f) GLIB_DEPRECATED_MACRO_FOR (f)
      |                                              ^~~~~~~~~~~~~~~~~~~~~~~~~
/usr/include/glib-2.0/glib/deprecated/gthread.h:131:65: note: in expansion of macro ‘GLIB_DEPRECATED_MACRO_IN_2_32_FOR’
  131 | #define G_STATIC_MUTEX_INIT { NULL, PTHREAD_MUTEX_INITIALIZER } GLIB_DEPRECATED_MACRO_IN_2_32_FOR(g_mutex_init)
      |                                                                 ^~~~~~~~~~~~~~~~~~~~~~~~~~~~~~~~~
Src/webbase/ProcessManager.cpp:94:39: note: in expansion of macro ‘G_STATIC_MUTEX_INIT’
   94 |         static GStaticMutex s_mutex = G_STATIC_MUTEX_INIT;
      |                                       ^~~~~~~~~~~~~~~~~~~
/usr/include/glib-2.0/glib/gmacros.h:1337:33: warning: Deprecated pre-processor symbol
 1337 | #define _GLIB_GNUC_DO_PRAGMA(x) _Pragma(G_STRINGIFY (x))
      |                                 ^~~~~~~
/usr/include/glib-2.0/glib/gmacros.h:1338:31: note: in expansion of macro ‘_GLIB_GNUC_DO_PRAGMA’
 1338 | #define GLIB_DEPRECATED_MACRO _GLIB_GNUC_DO_PRAGMA(GCC warning "Deprecated pre-processor symbol")
      |                               ^~~~~~~~~~~~~~~~~~~~
/usr/include/glib-2.0/glib/glib-visibility.h:141:39: note: in expansion of macro ‘GLIB_DEPRECATED_MACRO’
  141 | #define GLIB_DEPRECATED_MACRO_IN_2_32 GLIB_DEPRECATED_MACRO
      |                                       ^~~~~~~~~~~~~~~~~~~~~
/usr/include/glib-2.0/glib/deprecated/gthread.h:129:64: note: in expansion of macro ‘GLIB_DEPRECATED_MACRO_IN_2_32’
  129 | #define g_static_mutex_get_mutex g_static_mutex_get_mutex_impl GLIB_DEPRECATED_MACRO_IN_2_32
      |                                                                ^~~~~~~~~~~~~~~~~~~~~~~~~~~~~
/usr/include/glib-2.0/glib/deprecated/gthread.h:147:19: note: in expansion of macro ‘g_static_mutex_get_mutex’
  147 |     g_mutex_lock (g_static_mutex_get_mutex (mutex)) GLIB_DEPRECATED_MACRO_IN_2_32_FOR(g_mutex_lock)
      |                   ^~~~~~~~~~~~~~~~~~~~~~~~
Src/webbase/ProcessManager.cpp:96:9: note: in expansion of macro ‘g_static_mutex_lock’
   96 |         g_static_mutex_lock(&s_mutex);
      |         ^~~~~~~~~~~~~~~~~~~
/usr/include/glib-2.0/glib/gmacros.h:1337:33: warning: Deprecated pre-processor symbol: replace with "g_mutex_lock"
 1337 | #define _GLIB_GNUC_DO_PRAGMA(x) _Pragma(G_STRINGIFY (x))
      |                                 ^~~~~~~
/usr/include/glib-2.0/glib/gmacros.h:1340:3: note: in expansion of macro ‘_GLIB_GNUC_DO_PRAGMA’
 1340 |   _GLIB_GNUC_DO_PRAGMA(GCC warning G_STRINGIFY (Deprecated pre-processor symbol: replace with #f))
      |   ^~~~~~~~~~~~~~~~~~~~
/usr/include/glib-2.0/glib/glib-visibility.h:142:46: note: in expansion of macro ‘GLIB_DEPRECATED_MACRO_FOR’
  142 | #define GLIB_DEPRECATED_MACRO_IN_2_32_FOR(f) GLIB_DEPRECATED_MACRO_FOR (f)
      |                                              ^~~~~~~~~~~~~~~~~~~~~~~~~
/usr/include/glib-2.0/glib/deprecated/gthread.h:147:53: note: in expansion of macro ‘GLIB_DEPRECATED_MACRO_IN_2_32_FOR’
  147 |     g_mutex_lock (g_static_mutex_get_mutex (mutex)) GLIB_DEPRECATED_MACRO_IN_2_32_FOR(g_mutex_lock)
      |                                                     ^~~~~~~~~~~~~~~~~~~~~~~~~~~~~~~~~
Src/webbase/ProcessManager.cpp:96:9: note: in expansion of macro ‘g_static_mutex_lock’
   96 |         g_static_mutex_lock(&s_mutex);
      |         ^~~~~~~~~~~~~~~~~~~
/usr/include/glib-2.0/glib/gmacros.h:1337:33: warning: Deprecated pre-processor symbol
 1337 | #define _GLIB_GNUC_DO_PRAGMA(x) _Pragma(G_STRINGIFY (x))
      |                                 ^~~~~~~
/usr/include/glib-2.0/glib/gmacros.h:1338:31: note: in expansion of macro ‘_GLIB_GNUC_DO_PRAGMA’
 1338 | #define GLIB_DEPRECATED_MACRO _GLIB_GNUC_DO_PRAGMA(GCC warning "Deprecated pre-processor symbol")
      |                               ^~~~~~~~~~~~~~~~~~~~
/usr/include/glib-2.0/glib/glib-visibility.h:141:39: note: in expansion of macro ‘GLIB_DEPRECATED_MACRO’
  141 | #define GLIB_DEPRECATED_MACRO_IN_2_32 GLIB_DEPRECATED_MACRO
      |                                       ^~~~~~~~~~~~~~~~~~~~~
/usr/include/glib-2.0/glib/deprecated/gthread.h:129:64: note: in expansion of macro ‘GLIB_DEPRECATED_MACRO_IN_2_32’
  129 | #define g_static_mutex_get_mutex g_static_mutex_get_mutex_impl GLIB_DEPRECATED_MACRO_IN_2_32
      |                                                                ^~~~~~~~~~~~~~~~~~~~~~~~~~~~~
/usr/include/glib-2.0/glib/deprecated/gthread.h:151:21: note: in expansion of macro ‘g_static_mutex_get_mutex’
  151 |     g_mutex_unlock (g_static_mutex_get_mutex (mutex)) GLIB_DEPRECATED_MACRO_IN_2_32_FOR(g_mutex_unlock)
      |                     ^~~~~~~~~~~~~~~~~~~~~~~~
Src/webbase/ProcessManager.cpp:102:9: note: in expansion of macro ‘g_static_mutex_unlock’
  102 |         g_static_mutex_unlock(&s_mutex);
      |         ^~~~~~~~~~~~~~~~~~~~~
/usr/include/glib-2.0/glib/gmacros.h:1337:33: warning: Deprecated pre-processor symbol: replace with "g_mutex_unlock"
 1337 | #define _GLIB_GNUC_DO_PRAGMA(x) _Pragma(G_STRINGIFY (x))
      |                                 ^~~~~~~
/usr/include/glib-2.0/glib/gmacros.h:1340:3: note: in expansion of macro ‘_GLIB_GNUC_DO_PRAGMA’
 1340 |   _GLIB_GNUC_DO_PRAGMA(GCC warning G_STRINGIFY (Deprecated pre-processor symbol: replace with #f))
      |   ^~~~~~~~~~~~~~~~~~~~
/usr/include/glib-2.0/glib/glib-visibility.h:142:46: note: in expansion of macro ‘GLIB_DEPRECATED_MACRO_FOR’
  142 | #define GLIB_DEPRECATED_MACRO_IN_2_32_FOR(f) GLIB_DEPRECATED_MACRO_FOR (f)
      |                                              ^~~~~~~~~~~~~~~~~~~~~~~~~
/usr/include/glib-2.0/glib/deprecated/gthread.h:151:55: note: in expansion of macro ‘GLIB_DEPRECATED_MACRO_IN_2_32_FOR’
  151 |     g_mutex_unlock (g_static_mutex_get_mutex (mutex)) GLIB_DEPRECATED_MACRO_IN_2_32_FOR(g_mutex_unlock)
      |                                                       ^~~~~~~~~~~~~~~~~~~~~~~~~~~~~~~~~
Src/webbase/ProcessManager.cpp:102:9: note: in expansion of macro ‘g_static_mutex_unlock’
  102 |         g_static_mutex_unlock(&s_mutex);
      |         ^~~~~~~~~~~~~~~~~~~~~
In file included from ../../build-modern/staging/include/luna-sysmgr-common/TaskBase.h:31,
                 from Src/core/SyncTask.h:27,
                 from Src/webbase/ProcessManager.h:29,
                 from Src/webbase/ProcessManager.cpp:26:
../../build-modern/staging/include/luna-sysmgr-common/AsyncCaller.h:49:26: warning: ‘GStaticRecMutex’ is deprecated: Use 'GRecMutex' instead [-Wdeprecated-declarations]
   49 |         GStaticRecMutex* m_mutex;
      |                          ^~~~~~~
In file included from /usr/include/glib-2.0/glib.h:115:
/usr/include/glib-2.0/glib/deprecated/gthread.h:160:33: note: declared here
  160 | typedef struct _GStaticRecMutex GStaticRecMutex GLIB_DEPRECATED_TYPE_IN_2_32_FOR(GRecMutex);
      |                                 ^~~~~~~~~~~~~~~
In file included from ../../build-modern/staging/include/luna-sysmgr-common/TaskBase.h:32:
../../build-modern/staging/include/luna-sysmgr-common/Event.h: In static member function ‘static bool Event::isPenEvent(Event*)’:
../../build-modern/staging/include/luna-sysmgr-common/Event.h:65:33: warning: bitwise operation between different enumeration types ‘SysMgrEvent::Type’ and ‘SysMgrEvent::EventMasks’ is deprecated [-Wdeprecated-enum-enum-conversion]
   65 |                 return (e->type & PenMask);
      |                         ~~~~~~~~^~~~~~~~~
../../build-modern/staging/include/luna-sysmgr-common/Event.h: In static member function ‘static bool Event::isKeyEvent(Event*)’:
../../build-modern/staging/include/luna-sysmgr-common/Event.h:69:33: warning: bitwise operation between different enumeration types ‘SysMgrEvent::Type’ and ‘SysMgrEvent::EventMasks’ is deprecated [-Wdeprecated-enum-enum-conversion]
   69 |                 return (e->type & KeyMask);
      |                         ~~~~~~~~^~~~~~~~~
../../build-modern/staging/include/luna-sysmgr-common/Event.h: In static member function ‘static bool Event::isGestureEvent(Event*)’:
../../build-modern/staging/include/luna-sysmgr-common/Event.h:73:33: warning: bitwise operation between different enumeration types ‘SysMgrEvent::Type’ and ‘SysMgrEvent::EventMasks’ is deprecated [-Wdeprecated-enum-enum-conversion]
   73 |                 return (e->type & GestureMask);
      |                         ~~~~~~~~^~~~~~~~~~~~~
../../build-modern/staging/include/luna-sysmgr-common/Event.h: In static member function ‘static bool Event::isPenOffEvent(Event*)’:
../../build-modern/staging/include/luna-sysmgr-common/Event.h:77:34: warning: bitwise operation between different enumeration types ‘SysMgrEvent::Type’ and ‘SysMgrEvent::EventMasks’ is deprecated [-Wdeprecated-enum-enum-conversion]
   77 |                 return ((e->type & PenMask) &&
      |                          ~~~~~~~~^~~~~~~~~
In file included from ../../build-modern/staging/include/luna-sysmgr-common/TaskBase.h:33:
../../build-modern/staging/include/luna-sysmgr-common/Mutex.h: At global scope:
../../build-modern/staging/include/luna-sysmgr-common/Mutex.h:43:26: warning: ‘GStaticRecMutex’ is deprecated: Use 'GRecMutex' instead [-Wdeprecated-declarations]
   43 |         GStaticRecMutex* m_mutex;
      |                          ^~~~~~~
/usr/include/glib-2.0/glib/deprecated/gthread.h:160:33: note: declared here
  160 | typedef struct _GStaticRecMutex GStaticRecMutex GLIB_DEPRECATED_TYPE_IN_2_32_FOR(GRecMutex);
      |                                 ^~~~~~~~~~~~~~~
Src/webbase/ProcessManager.cpp: In member function ‘std::string ProcessManager::processIdFactory()’:
Src/webbase/ProcessManager.cpp:94:29: warning: ‘GStaticMutex’ is deprecated: Use 'GMutex' instead [-Wdeprecated-declarations]
   94 |         static GStaticMutex s_mutex = G_STATIC_MUTEX_INIT;
      |                             ^~~~~~~
/usr/include/glib-2.0/glib/deprecated/gthread.h:144:3: note: declared here
  144 | } GStaticMutex GLIB_DEPRECATED_TYPE_IN_2_32_FOR(GMutex);
      |   ^~~~~~~~~~~~
/usr/include/glib-2.0/glib/deprecated/gthread.h:147:44: warning: ‘GMutex* g_static_mutex_get_mutex_impl(GStaticMutex*)’ is deprecated: Use 'GMutex' instead [-Wdeprecated-declarations]
  147 |     g_mutex_lock (g_static_mutex_get_mutex (mutex)) GLIB_DEPRECATED_MACRO_IN_2_32_FOR(g_mutex_lock)
      |                                            ^
Src/webbase/ProcessManager.cpp:96:9: note: in expansion of macro ‘g_static_mutex_lock’
   96 |         g_static_mutex_lock(&s_mutex);
      |         ^~~~~~~~~~~~~~~~~~~
/usr/include/glib-2.0/glib/deprecated/gthread.h:158:9: note: declared here
  158 | GMutex *g_static_mutex_get_mutex_impl (GStaticMutex *mutex);
      |         ^~~~~~~~~~~~~~~~~~~~~~~~~~~~~
/usr/include/glib-2.0/glib/deprecated/gthread.h:151:46: warning: ‘GMutex* g_static_mutex_get_mutex_impl(GStaticMutex*)’ is deprecated: Use 'GMutex' instead [-Wdeprecated-declarations]
  151 |     g_mutex_unlock (g_static_mutex_get_mutex (mutex)) GLIB_DEPRECATED_MACRO_IN_2_32_FOR(g_mutex_unlock)
      |                                              ^
Src/webbase/ProcessManager.cpp:102:9: note: in expansion of macro ‘g_static_mutex_unlock’
  102 |         g_static_mutex_unlock(&s_mutex);
      |         ^~~~~~~~~~~~~~~~~~~~~
/usr/include/glib-2.0/glib/deprecated/gthread.h:158:9: note: declared here
  158 | GMutex *g_static_mutex_get_mutex_impl (GStaticMutex *mutex);
      |         ^~~~~~~~~~~~~~~~~~~~~~~~~~~~~
g++ -c -pipe -fno-rtti -fno-exceptions -fvisibility=hidden -fvisibility-inlines-hidden -Wall -fpermissive -DFIX_FOR_QT -g -pthread -pthread -D_REENTRANT -Wall -Wextra -Wno-unused-parameter -Wno-unused-variable -Wno-reorder -Wno-missing-field-initializers -Wno-extra -fPIC -DQT_WEBOS -DSHIPPING_VERSION=0 -DTARGET_DESKTOP -DHAVE_OPENGL -DP_BACKEND=P_BACKEND_SOFT -DQT_NO_KEYWORDS -DQT_QUICK_LIB -DQT_WEBKITWIDGETS_LIB -DQT_WEBKIT_LIB -DQT_OPENGL_LIB -DQT_WIDGETS_LIB -DQT_GUI_LIB -DQT_QMLMODELS_LIB -DQT_QML_LIB -DQT_NETWORK_LIB -DQT_CORE_LIB -I. -ISrc -ISrc/base -ISrc/base/application -I./Src/base/hosts -I./Src/base/gesture -ISrc/base/windowdata -ISrc/base/settings -ISrc/core -I./Src/sound -ISrc/webbase -ISrc/lunaui -ISrc/lunaui/cards -ISrc/lunaui/notifications -I./Src/lunaui/emergency -ISrc/lunaui/dock -ISrc/minimalui -I./Src/lunaui/status-bar -I../../build-modern/staging/include -I/home/gcarrillo/repos/personal/webos-ce-mono/build-modern/staging/include/Qt -I/home/gcarrillo/repos/personal/webos-ce-mono/build-modern/staging/include/QtCore -I/home/gcarrillo/repos/personal/webos-ce-mono/build-modern/staging/include/QtGui -I/home/gcarrillo/repos/personal/webos-ce-mono/build-modern/staging/include/QtNetwork -I/home/gcarrillo/repos/personal/webos-ce-mono/build-modern/staging/include/QtOpenGL -I/home/gcarrillo/repos/personal/webos-ce-mono/build-modern/staging/include/QtSql -I/home/gcarrillo/repos/personal/webos-ce-mono/build-modern/staging/include/QtDeclarative -I/home/gcarrillo/repos/personal/webos-ce-mono/build-modern/staging/include/sysmgr-ipc -I../../build-modern/staging/include/ime -I../../build-modern/staging/include/luna-sysmgr-common -I../../build-modern/staging/usr/include -I/home/gcarrillo/repos/personal/webos-ce-mono/build-modern/staging/include/QtWebKitWidgets -I../../build-modern/staging/include -I../../build-modern/staging/usr/include -I../../build-modern/staging/usr/include/sysmgr-ipc -I../../build-modern/staging/include/luna-sysmgr-common -I../../build-modern/staging/include/luna-service2 -I../../build-modern/staging/include/ime -I/home/gcarrillo/repos/personal/webos-ce-mono/build-modern/staging/include/webkit/npapi -I/usr/include/glib-2.0 -I/usr/lib/x86_64-linux-gnu/glib-2.0/include -I/usr/include/sysprof-6 -I/usr/include/x86_64-linux-gnu/qt5 -I/usr/include/x86_64-linux-gnu/qt5/QtQuick -I../../build-modern/staging/qtwebkit/include -I../../build-modern/staging/qtwebkit/include/QtWebKitWidgets -I../../build-modern/staging/qtwebkit/include/QtWebKit -I/usr/include/x86_64-linux-gnu/qt5/QtOpenGL -I/usr/include/x86_64-linux-gnu/qt5/QtWidgets -I/usr/include/x86_64-linux-gnu/qt5/QtGui -I/usr/include/x86_64-linux-gnu/qt5/QtQmlModels -I/usr/include/x86_64-linux-gnu/qt5/QtQml -I/usr/include/x86_64-linux-gnu/qt5/QtNetwork -I/usr/include/x86_64-linux-gnu/qt5/QtCore -Idebug-x86/.moc -I/usr/lib/x86_64-linux-gnu/qt5/mkspecs/linux-g++ -o debug-x86/.obj/RemoteWindowData.o Src/webbase/RemoteWindowData.cpp
In file included from Src/webbase/WindowedWebApp.h:29,
                 from Src/lunaui/cards/CardWebApp.h:28,
                 from Src/webbase/RemoteWindowData.h:29,
                 from Src/webbase/RemoteWindowData.cpp:24:
../../build-modern/staging/include/luna-sysmgr-common/AsyncCaller.h:49:26: warning: ‘GStaticRecMutex’ is deprecated: Use 'GRecMutex' instead [-Wdeprecated-declarations]
   49 |         GStaticRecMutex* m_mutex;
      |                          ^~~~~~~
In file included from /usr/include/glib-2.0/glib.h:115,
                 from ../../build-modern/staging/include/luna-sysmgr-common/sptr.h:37,
                 from Src/lunaui/cards/CardWebApp.h:26:
/usr/include/glib-2.0/glib/deprecated/gthread.h:160:33: note: declared here
  160 | typedef struct _GStaticRecMutex GStaticRecMutex GLIB_DEPRECATED_TYPE_IN_2_32_FOR(GRecMutex);
      |                                 ^~~~~~~~~~~~~~~
In file included from Src/webbase/WindowedWebApp.h:32:
../../build-modern/staging/include/luna-sysmgr-common/Event.h: In static member function ‘static bool Event::isPenEvent(Event*)’:
../../build-modern/staging/include/luna-sysmgr-common/Event.h:65:33: warning: bitwise operation between different enumeration types ‘SysMgrEvent::Type’ and ‘SysMgrEvent::EventMasks’ is deprecated [-Wdeprecated-enum-enum-conversion]
   65 |                 return (e->type & PenMask);
      |                         ~~~~~~~~^~~~~~~~~
../../build-modern/staging/include/luna-sysmgr-common/Event.h: In static member function ‘static bool Event::isKeyEvent(Event*)’:
../../build-modern/staging/include/luna-sysmgr-common/Event.h:69:33: warning: bitwise operation between different enumeration types ‘SysMgrEvent::Type’ and ‘SysMgrEvent::EventMasks’ is deprecated [-Wdeprecated-enum-enum-conversion]
   69 |                 return (e->type & KeyMask);
      |                         ~~~~~~~~^~~~~~~~~
../../build-modern/staging/include/luna-sysmgr-common/Event.h: In static member function ‘static bool Event::isGestureEvent(Event*)’:
../../build-modern/staging/include/luna-sysmgr-common/Event.h:73:33: warning: bitwise operation between different enumeration types ‘SysMgrEvent::Type’ and ‘SysMgrEvent::EventMasks’ is deprecated [-Wdeprecated-enum-enum-conversion]
   73 |                 return (e->type & GestureMask);
      |                         ~~~~~~~~^~~~~~~~~~~~~
../../build-modern/staging/include/luna-sysmgr-common/Event.h: In static member function ‘static bool Event::isPenOffEvent(Event*)’:
../../build-modern/staging/include/luna-sysmgr-common/Event.h:77:34: warning: bitwise operation between different enumeration types ‘SysMgrEvent::Type’ and ‘SysMgrEvent::EventMasks’ is deprecated [-Wdeprecated-enum-enum-conversion]
   77 |                 return ((e->type & PenMask) &&
      |                          ~~~~~~~~^~~~~~~~~
g++ -c -pipe -fno-rtti -fno-exceptions -fvisibility=hidden -fvisibility-inlines-hidden -Wall -fpermissive -DFIX_FOR_QT -g -pthread -pthread -D_REENTRANT -Wall -Wextra -Wno-unused-parameter -Wno-unused-variable -Wno-reorder -Wno-missing-field-initializers -Wno-extra -fPIC -DQT_WEBOS -DSHIPPING_VERSION=0 -DTARGET_DESKTOP -DHAVE_OPENGL -DP_BACKEND=P_BACKEND_SOFT -DQT_NO_KEYWORDS -DQT_QUICK_LIB -DQT_WEBKITWIDGETS_LIB -DQT_WEBKIT_LIB -DQT_OPENGL_LIB -DQT_WIDGETS_LIB -DQT_GUI_LIB -DQT_QMLMODELS_LIB -DQT_QML_LIB -DQT_NETWORK_LIB -DQT_CORE_LIB -I. -ISrc -ISrc/base -ISrc/base/application -I./Src/base/hosts -I./Src/base/gesture -ISrc/base/windowdata -ISrc/base/settings -ISrc/core -I./Src/sound -ISrc/webbase -ISrc/lunaui -ISrc/lunaui/cards -ISrc/lunaui/notifications -I./Src/lunaui/emergency -ISrc/lunaui/dock -ISrc/minimalui -I./Src/lunaui/status-bar -I../../build-modern/staging/include -I/home/gcarrillo/repos/personal/webos-ce-mono/build-modern/staging/include/Qt -I/home/gcarrillo/repos/personal/webos-ce-mono/build-modern/staging/include/QtCore -I/home/gcarrillo/repos/personal/webos-ce-mono/build-modern/staging/include/QtGui -I/home/gcarrillo/repos/personal/webos-ce-mono/build-modern/staging/include/QtNetwork -I/home/gcarrillo/repos/personal/webos-ce-mono/build-modern/staging/include/QtOpenGL -I/home/gcarrillo/repos/personal/webos-ce-mono/build-modern/staging/include/QtSql -I/home/gcarrillo/repos/personal/webos-ce-mono/build-modern/staging/include/QtDeclarative -I/home/gcarrillo/repos/personal/webos-ce-mono/build-modern/staging/include/sysmgr-ipc -I../../build-modern/staging/include/ime -I../../build-modern/staging/include/luna-sysmgr-common -I../../build-modern/staging/usr/include -I/home/gcarrillo/repos/personal/webos-ce-mono/build-modern/staging/include/QtWebKitWidgets -I../../build-modern/staging/include -I../../build-modern/staging/usr/include -I../../build-modern/staging/usr/include/sysmgr-ipc -I../../build-modern/staging/include/luna-sysmgr-common -I../../build-modern/staging/include/luna-service2 -I../../build-modern/staging/include/ime -I/home/gcarrillo/repos/personal/webos-ce-mono/build-modern/staging/include/webkit/npapi -I/usr/include/glib-2.0 -I/usr/lib/x86_64-linux-gnu/glib-2.0/include -I/usr/include/sysprof-6 -I/usr/include/x86_64-linux-gnu/qt5 -I/usr/include/x86_64-linux-gnu/qt5/QtQuick -I../../build-modern/staging/qtwebkit/include -I../../build-modern/staging/qtwebkit/include/QtWebKitWidgets -I../../build-modern/staging/qtwebkit/include/QtWebKit -I/usr/include/x86_64-linux-gnu/qt5/QtOpenGL -I/usr/include/x86_64-linux-gnu/qt5/QtWidgets -I/usr/include/x86_64-linux-gnu/qt5/QtGui -I/usr/include/x86_64-linux-gnu/qt5/QtQmlModels -I/usr/include/x86_64-linux-gnu/qt5/QtQml -I/usr/include/x86_64-linux-gnu/qt5/QtNetwork -I/usr/include/x86_64-linux-gnu/qt5/QtCore -Idebug-x86/.moc -I/usr/lib/x86_64-linux-gnu/qt5/mkspecs/linux-g++ -o debug-x86/.obj/SyncTask.o Src/core/SyncTask.cpp
In file included from ../../build-modern/staging/include/luna-sysmgr-common/TaskBase.h:31,
                 from Src/core/SyncTask.h:27,
                 from Src/core/SyncTask.cpp:24:
../../build-modern/staging/include/luna-sysmgr-common/AsyncCaller.h:49:26: warning: ‘GStaticRecMutex’ is deprecated: Use 'GRecMutex' instead [-Wdeprecated-declarations]
   49 |         GStaticRecMutex* m_mutex;
      |                          ^~~~~~~
In file included from /usr/include/glib-2.0/glib.h:115,
                 from ../../build-modern/staging/include/luna-sysmgr-common/TaskBase.h:27:
/usr/include/glib-2.0/glib/deprecated/gthread.h:160:33: note: declared here
  160 | typedef struct _GStaticRecMutex GStaticRecMutex GLIB_DEPRECATED_TYPE_IN_2_32_FOR(GRecMutex);
      |                                 ^~~~~~~~~~~~~~~
In file included from ../../build-modern/staging/include/luna-sysmgr-common/TaskBase.h:32:
../../build-modern/staging/include/luna-sysmgr-common/Event.h: In static member function ‘static bool Event::isPenEvent(Event*)’:
../../build-modern/staging/include/luna-sysmgr-common/Event.h:65:33: warning: bitwise operation between different enumeration types ‘SysMgrEvent::Type’ and ‘SysMgrEvent::EventMasks’ is deprecated [-Wdeprecated-enum-enum-conversion]
   65 |                 return (e->type & PenMask);
      |                         ~~~~~~~~^~~~~~~~~
../../build-modern/staging/include/luna-sysmgr-common/Event.h: In static member function ‘static bool Event::isKeyEvent(Event*)’:
../../build-modern/staging/include/luna-sysmgr-common/Event.h:69:33: warning: bitwise operation between different enumeration types ‘SysMgrEvent::Type’ and ‘SysMgrEvent::EventMasks’ is deprecated [-Wdeprecated-enum-enum-conversion]
   69 |                 return (e->type & KeyMask);
      |                         ~~~~~~~~^~~~~~~~~
../../build-modern/staging/include/luna-sysmgr-common/Event.h: In static member function ‘static bool Event::isGestureEvent(Event*)’:
../../build-modern/staging/include/luna-sysmgr-common/Event.h:73:33: warning: bitwise operation between different enumeration types ‘SysMgrEvent::Type’ and ‘SysMgrEvent::EventMasks’ is deprecated [-Wdeprecated-enum-enum-conversion]
   73 |                 return (e->type & GestureMask);
      |                         ~~~~~~~~^~~~~~~~~~~~~
../../build-modern/staging/include/luna-sysmgr-common/Event.h: In static member function ‘static bool Event::isPenOffEvent(Event*)’:
../../build-modern/staging/include/luna-sysmgr-common/Event.h:77:34: warning: bitwise operation between different enumeration types ‘SysMgrEvent::Type’ and ‘SysMgrEvent::EventMasks’ is deprecated [-Wdeprecated-enum-enum-conversion]
   77 |                 return ((e->type & PenMask) &&
      |                          ~~~~~~~~^~~~~~~~~
In file included from ../../build-modern/staging/include/luna-sysmgr-common/TaskBase.h:33:
../../build-modern/staging/include/luna-sysmgr-common/Mutex.h: At global scope:
../../build-modern/staging/include/luna-sysmgr-common/Mutex.h:43:26: warning: ‘GStaticRecMutex’ is deprecated: Use 'GRecMutex' instead [-Wdeprecated-declarations]
   43 |         GStaticRecMutex* m_mutex;
      |                          ^~~~~~~
/usr/include/glib-2.0/glib/deprecated/gthread.h:160:33: note: declared here
  160 | typedef struct _GStaticRecMutex GStaticRecMutex GLIB_DEPRECATED_TYPE_IN_2_32_FOR(GRecMutex);
      |                                 ^~~~~~~~~~~~~~~
g++ -c -pipe -fno-rtti -fno-exceptions -fvisibility=hidden -fvisibility-inlines-hidden -Wall -fpermissive -DFIX_FOR_QT -g -pthread -pthread -D_REENTRANT -Wall -Wextra -Wno-unused-parameter -Wno-unused-variable -Wno-reorder -Wno-missing-field-initializers -Wno-extra -fPIC -DQT_WEBOS -DSHIPPING_VERSION=0 -DTARGET_DESKTOP -DHAVE_OPENGL -DP_BACKEND=P_BACKEND_SOFT -DQT_NO_KEYWORDS -DQT_QUICK_LIB -DQT_WEBKITWIDGETS_LIB -DQT_WEBKIT_LIB -DQT_OPENGL_LIB -DQT_WIDGETS_LIB -DQT_GUI_LIB -DQT_QMLMODELS_LIB -DQT_QML_LIB -DQT_NETWORK_LIB -DQT_CORE_LIB -I. -ISrc -ISrc/base -ISrc/base/application -I./Src/base/hosts -I./Src/base/gesture -ISrc/base/windowdata -ISrc/base/settings -ISrc/core -I./Src/sound -ISrc/webbase -ISrc/lunaui -ISrc/lunaui/cards -ISrc/lunaui/notifications -I./Src/lunaui/emergency -ISrc/lunaui/dock -ISrc/minimalui -I./Src/lunaui/status-bar -I../../build-modern/staging/include -I/home/gcarrillo/repos/personal/webos-ce-mono/build-modern/staging/include/Qt -I/home/gcarrillo/repos/personal/webos-ce-mono/build-modern/staging/include/QtCore -I/home/gcarrillo/repos/personal/webos-ce-mono/build-modern/staging/include/QtGui -I/home/gcarrillo/repos/personal/webos-ce-mono/build-modern/staging/include/QtNetwork -I/home/gcarrillo/repos/personal/webos-ce-mono/build-modern/staging/include/QtOpenGL -I/home/gcarrillo/repos/personal/webos-ce-mono/build-modern/staging/include/QtSql -I/home/gcarrillo/repos/personal/webos-ce-mono/build-modern/staging/include/QtDeclarative -I/home/gcarrillo/repos/personal/webos-ce-mono/build-modern/staging/include/sysmgr-ipc -I../../build-modern/staging/include/ime -I../../build-modern/staging/include/luna-sysmgr-common -I../../build-modern/staging/usr/include -I/home/gcarrillo/repos/personal/webos-ce-mono/build-modern/staging/include/QtWebKitWidgets -I../../build-modern/staging/include -I../../build-modern/staging/usr/include -I../../build-modern/staging/usr/include/sysmgr-ipc -I../../build-modern/staging/include/luna-sysmgr-common -I../../build-modern/staging/include/luna-service2 -I../../build-modern/staging/include/ime -I/home/gcarrillo/repos/personal/webos-ce-mono/build-modern/staging/include/webkit/npapi -I/usr/include/glib-2.0 -I/usr/lib/x86_64-linux-gnu/glib-2.0/include -I/usr/include/sysprof-6 -I/usr/include/x86_64-linux-gnu/qt5 -I/usr/include/x86_64-linux-gnu/qt5/QtQuick -I../../build-modern/staging/qtwebkit/include -I../../build-modern/staging/qtwebkit/include/QtWebKitWidgets -I../../build-modern/staging/qtwebkit/include/QtWebKit -I/usr/include/x86_64-linux-gnu/qt5/QtOpenGL -I/usr/include/x86_64-linux-gnu/qt5/QtWidgets -I/usr/include/x86_64-linux-gnu/qt5/QtGui -I/usr/include/x86_64-linux-gnu/qt5/QtQmlModels -I/usr/include/x86_64-linux-gnu/qt5/QtQml -I/usr/include/x86_64-linux-gnu/qt5/QtNetwork -I/usr/include/x86_64-linux-gnu/qt5/QtCore -Idebug-x86/.moc -I/usr/lib/x86_64-linux-gnu/qt5/mkspecs/linux-g++ -o debug-x86/.obj/SysMgrWebBridge.o Src/webbase/SysMgrWebBridge.cpp
In file included from Src/webbase/PalmSystem.h:9,
                 from Src/webbase/SysMgrWebBridge.cpp:4:
../../build-modern/staging/include/luna-sysmgr-common/Event.h: In static member function ‘static bool Event::isPenEvent(Event*)’:
../../build-modern/staging/include/luna-sysmgr-common/Event.h:65:33: warning: bitwise operation between different enumeration types ‘SysMgrEvent::Type’ and ‘SysMgrEvent::EventMasks’ is deprecated [-Wdeprecated-enum-enum-conversion]
   65 |                 return (e->type & PenMask);
      |                         ~~~~~~~~^~~~~~~~~
../../build-modern/staging/include/luna-sysmgr-common/Event.h: In static member function ‘static bool Event::isKeyEvent(Event*)’:
../../build-modern/staging/include/luna-sysmgr-common/Event.h:69:33: warning: bitwise operation between different enumeration types ‘SysMgrEvent::Type’ and ‘SysMgrEvent::EventMasks’ is deprecated [-Wdeprecated-enum-enum-conversion]
   69 |                 return (e->type & KeyMask);
      |                         ~~~~~~~~^~~~~~~~~
../../build-modern/staging/include/luna-sysmgr-common/Event.h: In static member function ‘static bool Event::isGestureEvent(Event*)’:
../../build-modern/staging/include/luna-sysmgr-common/Event.h:73:33: warning: bitwise operation between different enumeration types ‘SysMgrEvent::Type’ and ‘SysMgrEvent::EventMasks’ is deprecated [-Wdeprecated-enum-enum-conversion]
   73 |                 return (e->type & GestureMask);
      |                         ~~~~~~~~^~~~~~~~~~~~~
../../build-modern/staging/include/luna-sysmgr-common/Event.h: In static member function ‘static bool Event::isPenOffEvent(Event*)’:
../../build-modern/staging/include/luna-sysmgr-common/Event.h:77:34: warning: bitwise operation between different enumeration types ‘SysMgrEvent::Type’ and ‘SysMgrEvent::EventMasks’ is deprecated [-Wdeprecated-enum-enum-conversion]
   77 |                 return ((e->type & PenMask) &&
      |                          ~~~~~~~~^~~~~~~~~
In file included from ../../build-modern/staging/include/luna-sysmgr-common/TaskBase.h:31,
                 from Src/core/SyncTask.h:27,
                 from Src/webbase/WebAppManager.h:34,
                 from Src/webbase/SysMgrWebBridge.cpp:7:
../../build-modern/staging/include/luna-sysmgr-common/AsyncCaller.h: At global scope:
../../build-modern/staging/include/luna-sysmgr-common/AsyncCaller.h:49:26: warning: ‘GStaticRecMutex’ is deprecated: Use 'GRecMutex' instead [-Wdeprecated-declarations]
   49 |         GStaticRecMutex* m_mutex;
      |                          ^~~~~~~
In file included from /usr/include/glib-2.0/glib.h:115,
                 from ../../build-modern/staging/include/luna-sysmgr-common/Logging.h:28,
                 from Src/webbase/SysMgrWebBridge.cpp:3:
/usr/include/glib-2.0/glib/deprecated/gthread.h:160:33: note: declared here
  160 | typedef struct _GStaticRecMutex GStaticRecMutex GLIB_DEPRECATED_TYPE_IN_2_32_FOR(GRecMutex);
      |                                 ^~~~~~~~~~~~~~~
In file included from ../../build-modern/staging/include/luna-sysmgr-common/TaskBase.h:33:
../../build-modern/staging/include/luna-sysmgr-common/Mutex.h:43:26: warning: ‘GStaticRecMutex’ is deprecated: Use 'GRecMutex' instead [-Wdeprecated-declarations]
   43 |         GStaticRecMutex* m_mutex;
      |                          ^~~~~~~
/usr/include/glib-2.0/glib/deprecated/gthread.h:160:33: note: declared here
  160 | typedef struct _GStaticRecMutex GStaticRecMutex GLIB_DEPRECATED_TYPE_IN_2_32_FOR(GRecMutex);
      |                                 ^~~~~~~~~~~~~~~
In file included from ../../build-modern/staging/usr/include/pbnjson.hpp:164,
                 from Src/webbase/SysMgrWebBridge.cpp:12:
../../build-modern/staging/usr/include/pbnjson/cxx/JValue.h:513:44: warning: ‘template<class _Category, class _Tp, class _Distance, class _Pointer, class _Reference> struct std::iterator’ is deprecated [-Wdeprecated-declarations]
  513 |         class ObjectIterator : public std::iterator<std::input_iterator_tag, JValue, void, void, void> {
      |                                            ^~~~~~~~
In file included from /usr/include/c++/16/bits/stl_algobase.h:64,
                 from /usr/include/c++/16/algorithm:62,
                 from /usr/include/x86_64-linux-gnu/qt5/QtCore/qglobal.h:142,
                 from /usr/include/x86_64-linux-gnu/qt5/QtCore/qchar.h:43,
                 from /usr/include/x86_64-linux-gnu/qt5/QtCore/qstring.h:49,
                 from /usr/include/x86_64-linux-gnu/qt5/QtCore/QString:1,
                 from Src/webbase/ProcessBase.h:27,
                 from Src/webbase/SysMgrWebBridge.h:5,
                 from Src/webbase/SysMgrWebBridge.cpp:1:
/usr/include/c++/16/bits/stl_iterator_base_types.h:129:34: note: declared here
  129 |     struct _GLIBCXX17_DEPRECATED iterator
      |                                  ^~~~~~~~
../../build-modern/staging/usr/include/pbnjson/cxx/JValue.h:620:49: warning: ‘template<class _Category, class _Tp, class _Distance, class _Pointer, class _Reference> struct std::iterator’ is deprecated [-Wdeprecated-declarations]
  620 |         class ObjectConstIterator : public std::iterator<std::input_iterator_tag, JValue, void, void, void> {
      |                                                 ^~~~~~~~
/usr/include/c++/16/bits/stl_iterator_base_types.h:129:34: note: declared here
  129 |     struct _GLIBCXX17_DEPRECATED iterator
      |                                  ^~~~~~~~
In file included from ../../build-modern/staging/usr/include/pbnjson/cxx/JDomParser.h:22,
                 from ../../build-modern/staging/usr/include/pbnjson.hpp:167:
../../build-modern/staging/usr/include/pbnjson/cxx/JParser.h:181:41: warning: ‘virtual JSchemaResolutionResult pbnjson::JParser::resolve(JSchemaResolverRef, jschema**)’ was hidden [-Woverloaded-virtual=]
  181 |         virtual JSchemaResolutionResult resolve(JSchemaResolverRef abstractResolver, jschema_ref *resolvedSchema);
      |                                         ^~~~~~~
../../build-modern/staging/usr/include/pbnjson/cxx/JDomParser.h:110:33: note:   by ‘JSchemaResolutionResult pbnjson::JDomParser::resolve(void*, jschema**)’
  110 |         JSchemaResolutionResult resolve(void *resolver, jschema_ref *resolvedSchema);
      |                                 ^~~~~~~
In file included from ../../build-modern/staging/usr/include/pbnjson/cxx/JGenerator.h:24,
                 from ../../build-modern/staging/usr/include/pbnjson.hpp:165:
../../build-modern/staging/usr/include/pbnjson/cxx/JSchema.h:126:26: warning: ‘virtual pbnjson::JSchema& pbnjson::JSchema::operator=(const pbnjson::JSchema&)’ was hidden [-Woverloaded-virtual=]
  126 |         virtual JSchema& operator=(const JSchema& other);
      |                          ^~~~~~~~
In file included from ../../build-modern/staging/usr/include/pbnjson.hpp:168:
../../build-modern/staging/usr/include/pbnjson/cxx/JSchemaFile.h:47:20: note:   by ‘pbnjson::JSchemaFile& pbnjson::JSchemaFile::operator=(const pbnjson::JSchemaFile&)’
   47 | class PJSONCXX_API JSchemaFile : public JSchema
      |                    ^~~~~~~~~~~
../../build-modern/staging/usr/include/pbnjson/cxx/JSchema.h:126:26: warning: ‘virtual pbnjson::JSchema& pbnjson::JSchema::operator=(const pbnjson::JSchema&)’ was hidden [-Woverloaded-virtual=]
  126 |         virtual JSchema& operator=(const JSchema& other);
      |                          ^~~~~~~~
In file included from ../../build-modern/staging/usr/include/pbnjson.hpp:169:
../../build-modern/staging/usr/include/pbnjson/cxx/JSchemaFragment.h:41:20: note:   by ‘pbnjson::JSchemaFragment& pbnjson::JSchemaFragment::operator=(const pbnjson::JSchemaFragment&)’
   41 | class PJSONCXX_API JSchemaFragment : public JSchema
      |                    ^~~~~~~~~~~~~~~
Src/webbase/SysMgrWebBridge.cpp: In member function ‘void SysMgrWebBridge::commonSetup()’:
Src/webbase/SysMgrWebBridge.cpp:71:13: warning: ‘void* memset(void*, int, size_t)’ clearing an object of non-trivial type ‘struct PalmIME::EditorState’; use assignment or value-initialization instead [-Wclass-memaccess]
   71 |     ::memset(&m_explicitEditorState, 0, sizeof(PalmIME::EditorState));
      |     ~~~~~~~~^~~~~~~~~~~~~~~~~~~~~~~~~~~~~~~~~~~~~~~~~~~~~~~~~~~~~~~~~
In file included from Src/webbase/SysMgrWebBridge.h:10:
../../build-modern/staging/include/ime/palmimedefines.h:64:8: note: ‘struct PalmIME::EditorState’ declared here
   64 | struct EditorState {
      |        ^~~~~~~~~~~
Src/webbase/SysMgrWebBridge.cpp:74:13: warning: ‘void* memset(void*, int, size_t)’ clearing an object of non-trivial type ‘struct PalmIME::EditorState’; use assignment or value-initialization instead [-Wclass-memaccess]
   74 |     ::memset(&m_manualEditorState, 0, sizeof(PalmIME::EditorState));
      |     ~~~~~~~~^~~~~~~~~~~~~~~~~~~~~~~~~~~~~~~~~~~~~~~~~~~~~~~~~~~~~~~
../../build-modern/staging/include/ime/palmimedefines.h:64:8: note: ‘struct PalmIME::EditorState’ declared here
   64 | struct EditorState {
      |        ^~~~~~~~~~~
g++ -c -pipe -fno-rtti -fno-exceptions -fvisibility=hidden -fvisibility-inlines-hidden -Wall -fpermissive -DFIX_FOR_QT -g -pthread -pthread -D_REENTRANT -Wall -Wextra -Wno-unused-parameter -Wno-unused-variable -Wno-reorder -Wno-missing-field-initializers -Wno-extra -fPIC -DQT_WEBOS -DSHIPPING_VERSION=0 -DTARGET_DESKTOP -DHAVE_OPENGL -DP_BACKEND=P_BACKEND_SOFT -DQT_NO_KEYWORDS -DQT_QUICK_LIB -DQT_WEBKITWIDGETS_LIB -DQT_WEBKIT_LIB -DQT_OPENGL_LIB -DQT_WIDGETS_LIB -DQT_GUI_LIB -DQT_QMLMODELS_LIB -DQT_QML_LIB -DQT_NETWORK_LIB -DQT_CORE_LIB -I. -ISrc -ISrc/base -ISrc/base/application -I./Src/base/hosts -I./Src/base/gesture -ISrc/base/windowdata -ISrc/base/settings -ISrc/core -I./Src/sound -ISrc/webbase -ISrc/lunaui -ISrc/lunaui/cards -ISrc/lunaui/notifications -I./Src/lunaui/emergency -ISrc/lunaui/dock -ISrc/minimalui -I./Src/lunaui/status-bar -I../../build-modern/staging/include -I/home/gcarrillo/repos/personal/webos-ce-mono/build-modern/staging/include/Qt -I/home/gcarrillo/repos/personal/webos-ce-mono/build-modern/staging/include/QtCore -I/home/gcarrillo/repos/personal/webos-ce-mono/build-modern/staging/include/QtGui -I/home/gcarrillo/repos/personal/webos-ce-mono/build-modern/staging/include/QtNetwork -I/home/gcarrillo/repos/personal/webos-ce-mono/build-modern/staging/include/QtOpenGL -I/home/gcarrillo/repos/personal/webos-ce-mono/build-modern/staging/include/QtSql -I/home/gcarrillo/repos/personal/webos-ce-mono/build-modern/staging/include/QtDeclarative -I/home/gcarrillo/repos/personal/webos-ce-mono/build-modern/staging/include/sysmgr-ipc -I../../build-modern/staging/include/ime -I../../build-modern/staging/include/luna-sysmgr-common -I../../build-modern/staging/usr/include -I/home/gcarrillo/repos/personal/webos-ce-mono/build-modern/staging/include/QtWebKitWidgets -I../../build-modern/staging/include -I../../build-modern/staging/usr/include -I../../build-modern/staging/usr/include/sysmgr-ipc -I../../build-modern/staging/include/luna-sysmgr-common -I../../build-modern/staging/include/luna-service2 -I../../build-modern/staging/include/ime -I/home/gcarrillo/repos/personal/webos-ce-mono/build-modern/staging/include/webkit/npapi -I/usr/include/glib-2.0 -I/usr/lib/x86_64-linux-gnu/glib-2.0/include -I/usr/include/sysprof-6 -I/usr/include/x86_64-linux-gnu/qt5 -I/usr/include/x86_64-linux-gnu/qt5/QtQuick -I../../build-modern/staging/qtwebkit/include -I../../build-modern/staging/qtwebkit/include/QtWebKitWidgets -I../../build-modern/staging/qtwebkit/include/QtWebKit -I/usr/include/x86_64-linux-gnu/qt5/QtOpenGL -I/usr/include/x86_64-linux-gnu/qt5/QtWidgets -I/usr/include/x86_64-linux-gnu/qt5/QtGui -I/usr/include/x86_64-linux-gnu/qt5/QtQmlModels -I/usr/include/x86_64-linux-gnu/qt5/QtQml -I/usr/include/x86_64-linux-gnu/qt5/QtNetwork -I/usr/include/x86_64-linux-gnu/qt5/QtCore -Idebug-x86/.moc -I/usr/lib/x86_64-linux-gnu/qt5/mkspecs/linux-g++ -o debug-x86/.obj/WebAppBase.o Src/webbase/WebAppBase.cpp
In file included from ../../build-modern/staging/include/luna-sysmgr-common/TaskBase.h:31,
                 from Src/core/SyncTask.h:27,
                 from Src/webbase/WebAppManager.h:34,
                 from Src/webbase/WebAppBase.cpp:27:
../../build-modern/staging/include/luna-sysmgr-common/AsyncCaller.h:49:26: warning: ‘GStaticRecMutex’ is deprecated: Use 'GRecMutex' instead [-Wdeprecated-declarations]
   49 |         GStaticRecMutex* m_mutex;
      |                          ^~~~~~~
In file included from /usr/include/glib-2.0/glib.h:115,
                 from ../../build-modern/staging/include/lunaservice.h:21,
                 from Src/webbase/WebAppBase.h:26,
                 from Src/webbase/WebAppBase.cpp:24:
/usr/include/glib-2.0/glib/deprecated/gthread.h:160:33: note: declared here
  160 | typedef struct _GStaticRecMutex GStaticRecMutex GLIB_DEPRECATED_TYPE_IN_2_32_FOR(GRecMutex);
      |                                 ^~~~~~~~~~~~~~~
In file included from ../../build-modern/staging/include/luna-sysmgr-common/TaskBase.h:32:
../../build-modern/staging/include/luna-sysmgr-common/Event.h: In static member function ‘static bool Event::isPenEvent(Event*)’:
../../build-modern/staging/include/luna-sysmgr-common/Event.h:65:33: warning: bitwise operation between different enumeration types ‘SysMgrEvent::Type’ and ‘SysMgrEvent::EventMasks’ is deprecated [-Wdeprecated-enum-enum-conversion]
   65 |                 return (e->type & PenMask);
      |                         ~~~~~~~~^~~~~~~~~
../../build-modern/staging/include/luna-sysmgr-common/Event.h: In static member function ‘static bool Event::isKeyEvent(Event*)’:
../../build-modern/staging/include/luna-sysmgr-common/Event.h:69:33: warning: bitwise operation between different enumeration types ‘SysMgrEvent::Type’ and ‘SysMgrEvent::EventMasks’ is deprecated [-Wdeprecated-enum-enum-conversion]
   69 |                 return (e->type & KeyMask);
      |                         ~~~~~~~~^~~~~~~~~
../../build-modern/staging/include/luna-sysmgr-common/Event.h: In static member function ‘static bool Event::isGestureEvent(Event*)’:
../../build-modern/staging/include/luna-sysmgr-common/Event.h:73:33: warning: bitwise operation between different enumeration types ‘SysMgrEvent::Type’ and ‘SysMgrEvent::EventMasks’ is deprecated [-Wdeprecated-enum-enum-conversion]
   73 |                 return (e->type & GestureMask);
      |                         ~~~~~~~~^~~~~~~~~~~~~
../../build-modern/staging/include/luna-sysmgr-common/Event.h: In static member function ‘static bool Event::isPenOffEvent(Event*)’:
../../build-modern/staging/include/luna-sysmgr-common/Event.h:77:34: warning: bitwise operation between different enumeration types ‘SysMgrEvent::Type’ and ‘SysMgrEvent::EventMasks’ is deprecated [-Wdeprecated-enum-enum-conversion]
   77 |                 return ((e->type & PenMask) &&
      |                          ~~~~~~~~^~~~~~~~~
In file included from ../../build-modern/staging/include/luna-sysmgr-common/TaskBase.h:33:
../../build-modern/staging/include/luna-sysmgr-common/Mutex.h: At global scope:
../../build-modern/staging/include/luna-sysmgr-common/Mutex.h:43:26: warning: ‘GStaticRecMutex’ is deprecated: Use 'GRecMutex' instead [-Wdeprecated-declarations]
   43 |         GStaticRecMutex* m_mutex;
      |                          ^~~~~~~
/usr/include/glib-2.0/glib/deprecated/gthread.h:160:33: note: declared here
  160 | typedef struct _GStaticRecMutex GStaticRecMutex GLIB_DEPRECATED_TYPE_IN_2_32_FOR(GRecMutex);
      |                                 ^~~~~~~~~~~~~~~
g++ -c -pipe -fno-rtti -fno-exceptions -fvisibility=hidden -fvisibility-inlines-hidden -Wall -fpermissive -DFIX_FOR_QT -g -pthread -pthread -D_REENTRANT -Wall -Wextra -Wno-unused-parameter -Wno-unused-variable -Wno-reorder -Wno-missing-field-initializers -Wno-extra -fPIC -DQT_WEBOS -DSHIPPING_VERSION=0 -DTARGET_DESKTOP -DHAVE_OPENGL -DP_BACKEND=P_BACKEND_SOFT -DQT_NO_KEYWORDS -DQT_QUICK_LIB -DQT_WEBKITWIDGETS_LIB -DQT_WEBKIT_LIB -DQT_OPENGL_LIB -DQT_WIDGETS_LIB -DQT_GUI_LIB -DQT_QMLMODELS_LIB -DQT_QML_LIB -DQT_NETWORK_LIB -DQT_CORE_LIB -I. -ISrc -ISrc/base -ISrc/base/application -I./Src/base/hosts -I./Src/base/gesture -ISrc/base/windowdata -ISrc/base/settings -ISrc/core -I./Src/sound -ISrc/webbase -ISrc/lunaui -ISrc/lunaui/cards -ISrc/lunaui/notifications -I./Src/lunaui/emergency -ISrc/lunaui/dock -ISrc/minimalui -I./Src/lunaui/status-bar -I../../build-modern/staging/include -I/home/gcarrillo/repos/personal/webos-ce-mono/build-modern/staging/include/Qt -I/home/gcarrillo/repos/personal/webos-ce-mono/build-modern/staging/include/QtCore -I/home/gcarrillo/repos/personal/webos-ce-mono/build-modern/staging/include/QtGui -I/home/gcarrillo/repos/personal/webos-ce-mono/build-modern/staging/include/QtNetwork -I/home/gcarrillo/repos/personal/webos-ce-mono/build-modern/staging/include/QtOpenGL -I/home/gcarrillo/repos/personal/webos-ce-mono/build-modern/staging/include/QtSql -I/home/gcarrillo/repos/personal/webos-ce-mono/build-modern/staging/include/QtDeclarative -I/home/gcarrillo/repos/personal/webos-ce-mono/build-modern/staging/include/sysmgr-ipc -I../../build-modern/staging/include/ime -I../../build-modern/staging/include/luna-sysmgr-common -I../../build-modern/staging/usr/include -I/home/gcarrillo/repos/personal/webos-ce-mono/build-modern/staging/include/QtWebKitWidgets -I../../build-modern/staging/include -I../../build-modern/staging/usr/include -I../../build-modern/staging/usr/include/sysmgr-ipc -I../../build-modern/staging/include/luna-sysmgr-common -I../../build-modern/staging/include/luna-service2 -I../../build-modern/staging/include/ime -I/home/gcarrillo/repos/personal/webos-ce-mono/build-modern/staging/include/webkit/npapi -I/usr/include/glib-2.0 -I/usr/lib/x86_64-linux-gnu/glib-2.0/include -I/usr/include/sysprof-6 -I/usr/include/x86_64-linux-gnu/qt5 -I/usr/include/x86_64-linux-gnu/qt5/QtQuick -I../../build-modern/staging/qtwebkit/include -I../../build-modern/staging/qtwebkit/include/QtWebKitWidgets -I../../build-modern/staging/qtwebkit/include/QtWebKit -I/usr/include/x86_64-linux-gnu/qt5/QtOpenGL -I/usr/include/x86_64-linux-gnu/qt5/QtWidgets -I/usr/include/x86_64-linux-gnu/qt5/QtGui -I/usr/include/x86_64-linux-gnu/qt5/QtQmlModels -I/usr/include/x86_64-linux-gnu/qt5/QtQml -I/usr/include/x86_64-linux-gnu/qt5/QtNetwork -I/usr/include/x86_64-linux-gnu/qt5/QtCore -Idebug-x86/.moc -I/usr/lib/x86_64-linux-gnu/qt5/mkspecs/linux-g++ -o debug-x86/.obj/WebAppCache.o Src/webbase/WebAppCache.cpp
g++ -c -pipe -fno-rtti -fno-exceptions -fvisibility=hidden -fvisibility-inlines-hidden -Wall -fpermissive -DFIX_FOR_QT -g -pthread -pthread -D_REENTRANT -Wall -Wextra -Wno-unused-parameter -Wno-unused-variable -Wno-reorder -Wno-missing-field-initializers -Wno-extra -fPIC -DQT_WEBOS -DSHIPPING_VERSION=0 -DTARGET_DESKTOP -DHAVE_OPENGL -DP_BACKEND=P_BACKEND_SOFT -DQT_NO_KEYWORDS -DQT_QUICK_LIB -DQT_WEBKITWIDGETS_LIB -DQT_WEBKIT_LIB -DQT_OPENGL_LIB -DQT_WIDGETS_LIB -DQT_GUI_LIB -DQT_QMLMODELS_LIB -DQT_QML_LIB -DQT_NETWORK_LIB -DQT_CORE_LIB -I. -ISrc -ISrc/base -ISrc/base/application -I./Src/base/hosts -I./Src/base/gesture -ISrc/base/windowdata -ISrc/base/settings -ISrc/core -I./Src/sound -ISrc/webbase -ISrc/lunaui -ISrc/lunaui/cards -ISrc/lunaui/notifications -I./Src/lunaui/emergency -ISrc/lunaui/dock -ISrc/minimalui -I./Src/lunaui/status-bar -I../../build-modern/staging/include -I/home/gcarrillo/repos/personal/webos-ce-mono/build-modern/staging/include/Qt -I/home/gcarrillo/repos/personal/webos-ce-mono/build-modern/staging/include/QtCore -I/home/gcarrillo/repos/personal/webos-ce-mono/build-modern/staging/include/QtGui -I/home/gcarrillo/repos/personal/webos-ce-mono/build-modern/staging/include/QtNetwork -I/home/gcarrillo/repos/personal/webos-ce-mono/build-modern/staging/include/QtOpenGL -I/home/gcarrillo/repos/personal/webos-ce-mono/build-modern/staging/include/QtSql -I/home/gcarrillo/repos/personal/webos-ce-mono/build-modern/staging/include/QtDeclarative -I/home/gcarrillo/repos/personal/webos-ce-mono/build-modern/staging/include/sysmgr-ipc -I../../build-modern/staging/include/ime -I../../build-modern/staging/include/luna-sysmgr-common -I../../build-modern/staging/usr/include -I/home/gcarrillo/repos/personal/webos-ce-mono/build-modern/staging/include/QtWebKitWidgets -I../../build-modern/staging/include -I../../build-modern/staging/usr/include -I../../build-modern/staging/usr/include/sysmgr-ipc -I../../build-modern/staging/include/luna-sysmgr-common -I../../build-modern/staging/include/luna-service2 -I../../build-modern/staging/include/ime -I/home/gcarrillo/repos/personal/webos-ce-mono/build-modern/staging/include/webkit/npapi -I/usr/include/glib-2.0 -I/usr/lib/x86_64-linux-gnu/glib-2.0/include -I/usr/include/sysprof-6 -I/usr/include/x86_64-linux-gnu/qt5 -I/usr/include/x86_64-linux-gnu/qt5/QtQuick -I../../build-modern/staging/qtwebkit/include -I../../build-modern/staging/qtwebkit/include/QtWebKitWidgets -I../../build-modern/staging/qtwebkit/include/QtWebKit -I/usr/include/x86_64-linux-gnu/qt5/QtOpenGL -I/usr/include/x86_64-linux-gnu/qt5/QtWidgets -I/usr/include/x86_64-linux-gnu/qt5/QtGui -I/usr/include/x86_64-linux-gnu/qt5/QtQmlModels -I/usr/include/x86_64-linux-gnu/qt5/QtQml -I/usr/include/x86_64-linux-gnu/qt5/QtNetwork -I/usr/include/x86_64-linux-gnu/qt5/QtCore -Idebug-x86/.moc -I/usr/lib/x86_64-linux-gnu/qt5/mkspecs/linux-g++ -o debug-x86/.obj/WebAppDeferredUpdateHandler.o Src/webbase/WebAppDeferredUpdateHandler.cpp
In file included from Src/webbase/WindowedWebApp.h:29,
                 from Src/webbase/WebAppDeferredUpdateHandler.cpp:29:
../../build-modern/staging/include/luna-sysmgr-common/AsyncCaller.h:49:26: warning: ‘GStaticRecMutex’ is deprecated: Use 'GRecMutex' instead [-Wdeprecated-declarations]
   49 |         GStaticRecMutex* m_mutex;
      |                          ^~~~~~~
In file included from /usr/include/glib-2.0/glib.h:115,
                 from Src/webbase/WebAppDeferredUpdateHandler.cpp:25:
/usr/include/glib-2.0/glib/deprecated/gthread.h:160:33: note: declared here
  160 | typedef struct _GStaticRecMutex GStaticRecMutex GLIB_DEPRECATED_TYPE_IN_2_32_FOR(GRecMutex);
      |                                 ^~~~~~~~~~~~~~~
In file included from Src/webbase/WindowedWebApp.h:32:
../../build-modern/staging/include/luna-sysmgr-common/Event.h: In static member function ‘static bool Event::isPenEvent(Event*)’:
../../build-modern/staging/include/luna-sysmgr-common/Event.h:65:33: warning: bitwise operation between different enumeration types ‘SysMgrEvent::Type’ and ‘SysMgrEvent::EventMasks’ is deprecated [-Wdeprecated-enum-enum-conversion]
   65 |                 return (e->type & PenMask);
      |                         ~~~~~~~~^~~~~~~~~
../../build-modern/staging/include/luna-sysmgr-common/Event.h: In static member function ‘static bool Event::isKeyEvent(Event*)’:
../../build-modern/staging/include/luna-sysmgr-common/Event.h:69:33: warning: bitwise operation between different enumeration types ‘SysMgrEvent::Type’ and ‘SysMgrEvent::EventMasks’ is deprecated [-Wdeprecated-enum-enum-conversion]
   69 |                 return (e->type & KeyMask);
      |                         ~~~~~~~~^~~~~~~~~
../../build-modern/staging/include/luna-sysmgr-common/Event.h: In static member function ‘static bool Event::isGestureEvent(Event*)’:
../../build-modern/staging/include/luna-sysmgr-common/Event.h:73:33: warning: bitwise operation between different enumeration types ‘SysMgrEvent::Type’ and ‘SysMgrEvent::EventMasks’ is deprecated [-Wdeprecated-enum-enum-conversion]
   73 |                 return (e->type & GestureMask);
      |                         ~~~~~~~~^~~~~~~~~~~~~
../../build-modern/staging/include/luna-sysmgr-common/Event.h: In static member function ‘static bool Event::isPenOffEvent(Event*)’:
../../build-modern/staging/include/luna-sysmgr-common/Event.h:77:34: warning: bitwise operation between different enumeration types ‘SysMgrEvent::Type’ and ‘SysMgrEvent::EventMasks’ is deprecated [-Wdeprecated-enum-enum-conversion]
   77 |                 return ((e->type & PenMask) &&
      |                          ~~~~~~~~^~~~~~~~~
g++ -c -pipe -fno-rtti -fno-exceptions -fvisibility=hidden -fvisibility-inlines-hidden -Wall -fpermissive -DFIX_FOR_QT -g -pthread -pthread -D_REENTRANT -Wall -Wextra -Wno-unused-parameter -Wno-unused-variable -Wno-reorder -Wno-missing-field-initializers -Wno-extra -fPIC -DQT_WEBOS -DSHIPPING_VERSION=0 -DTARGET_DESKTOP -DHAVE_OPENGL -DP_BACKEND=P_BACKEND_SOFT -DQT_NO_KEYWORDS -DQT_QUICK_LIB -DQT_WEBKITWIDGETS_LIB -DQT_WEBKIT_LIB -DQT_OPENGL_LIB -DQT_WIDGETS_LIB -DQT_GUI_LIB -DQT_QMLMODELS_LIB -DQT_QML_LIB -DQT_NETWORK_LIB -DQT_CORE_LIB -I. -ISrc -ISrc/base -ISrc/base/application -I./Src/base/hosts -I./Src/base/gesture -ISrc/base/windowdata -ISrc/base/settings -ISrc/core -I./Src/sound -ISrc/webbase -ISrc/lunaui -ISrc/lunaui/cards -ISrc/lunaui/notifications -I./Src/lunaui/emergency -ISrc/lunaui/dock -ISrc/minimalui -I./Src/lunaui/status-bar -I../../build-modern/staging/include -I/home/gcarrillo/repos/personal/webos-ce-mono/build-modern/staging/include/Qt -I/home/gcarrillo/repos/personal/webos-ce-mono/build-modern/staging/include/QtCore -I/home/gcarrillo/repos/personal/webos-ce-mono/build-modern/staging/include/QtGui -I/home/gcarrillo/repos/personal/webos-ce-mono/build-modern/staging/include/QtNetwork -I/home/gcarrillo/repos/personal/webos-ce-mono/build-modern/staging/include/QtOpenGL -I/home/gcarrillo/repos/personal/webos-ce-mono/build-modern/staging/include/QtSql -I/home/gcarrillo/repos/personal/webos-ce-mono/build-modern/staging/include/QtDeclarative -I/home/gcarrillo/repos/personal/webos-ce-mono/build-modern/staging/include/sysmgr-ipc -I../../build-modern/staging/include/ime -I../../build-modern/staging/include/luna-sysmgr-common -I../../build-modern/staging/usr/include -I/home/gcarrillo/repos/personal/webos-ce-mono/build-modern/staging/include/QtWebKitWidgets -I../../build-modern/staging/include -I../../build-modern/staging/usr/include -I../../build-modern/staging/usr/include/sysmgr-ipc -I../../build-modern/staging/include/luna-sysmgr-common -I../../build-modern/staging/include/luna-service2 -I../../build-modern/staging/include/ime -I/home/gcarrillo/repos/personal/webos-ce-mono/build-modern/staging/include/webkit/npapi -I/usr/include/glib-2.0 -I/usr/lib/x86_64-linux-gnu/glib-2.0/include -I/usr/include/sysprof-6 -I/usr/include/x86_64-linux-gnu/qt5 -I/usr/include/x86_64-linux-gnu/qt5/QtQuick -I../../build-modern/staging/qtwebkit/include -I../../build-modern/staging/qtwebkit/include/QtWebKitWidgets -I../../build-modern/staging/qtwebkit/include/QtWebKit -I/usr/include/x86_64-linux-gnu/qt5/QtOpenGL -I/usr/include/x86_64-linux-gnu/qt5/QtWidgets -I/usr/include/x86_64-linux-gnu/qt5/QtGui -I/usr/include/x86_64-linux-gnu/qt5/QtQmlModels -I/usr/include/x86_64-linux-gnu/qt5/QtQml -I/usr/include/x86_64-linux-gnu/qt5/QtNetwork -I/usr/include/x86_64-linux-gnu/qt5/QtCore -Idebug-x86/.moc -I/usr/lib/x86_64-linux-gnu/qt5/mkspecs/linux-g++ -o debug-x86/.obj/WebAppFactory.o Src/webbase/WebAppFactory.cpp
g++ -c -pipe -fno-rtti -fno-exceptions -fvisibility=hidden -fvisibility-inlines-hidden -Wall -fpermissive -DFIX_FOR_QT -g -pthread -pthread -D_REENTRANT -Wall -Wextra -Wno-unused-parameter -Wno-unused-variable -Wno-reorder -Wno-missing-field-initializers -Wno-extra -fPIC -DQT_WEBOS -DSHIPPING_VERSION=0 -DTARGET_DESKTOP -DHAVE_OPENGL -DP_BACKEND=P_BACKEND_SOFT -DQT_NO_KEYWORDS -DQT_QUICK_LIB -DQT_WEBKITWIDGETS_LIB -DQT_WEBKIT_LIB -DQT_OPENGL_LIB -DQT_WIDGETS_LIB -DQT_GUI_LIB -DQT_QMLMODELS_LIB -DQT_QML_LIB -DQT_NETWORK_LIB -DQT_CORE_LIB -I. -ISrc -ISrc/base -ISrc/base/application -I./Src/base/hosts -I./Src/base/gesture -ISrc/base/windowdata -ISrc/base/settings -ISrc/core -I./Src/sound -ISrc/webbase -ISrc/lunaui -ISrc/lunaui/cards -ISrc/lunaui/notifications -I./Src/lunaui/emergency -ISrc/lunaui/dock -ISrc/minimalui -I./Src/lunaui/status-bar -I../../build-modern/staging/include -I/home/gcarrillo/repos/personal/webos-ce-mono/build-modern/staging/include/Qt -I/home/gcarrillo/repos/personal/webos-ce-mono/build-modern/staging/include/QtCore -I/home/gcarrillo/repos/personal/webos-ce-mono/build-modern/staging/include/QtGui -I/home/gcarrillo/repos/personal/webos-ce-mono/build-modern/staging/include/QtNetwork -I/home/gcarrillo/repos/personal/webos-ce-mono/build-modern/staging/include/QtOpenGL -I/home/gcarrillo/repos/personal/webos-ce-mono/build-modern/staging/include/QtSql -I/home/gcarrillo/repos/personal/webos-ce-mono/build-modern/staging/include/QtDeclarative -I/home/gcarrillo/repos/personal/webos-ce-mono/build-modern/staging/include/sysmgr-ipc -I../../build-modern/staging/include/ime -I../../build-modern/staging/include/luna-sysmgr-common -I../../build-modern/staging/usr/include -I/home/gcarrillo/repos/personal/webos-ce-mono/build-modern/staging/include/QtWebKitWidgets -I../../build-modern/staging/include -I../../build-modern/staging/usr/include -I../../build-modern/staging/usr/include/sysmgr-ipc -I../../build-modern/staging/include/luna-sysmgr-common -I../../build-modern/staging/include/luna-service2 -I../../build-modern/staging/include/ime -I/home/gcarrillo/repos/personal/webos-ce-mono/build-modern/staging/include/webkit/npapi -I/usr/include/glib-2.0 -I/usr/lib/x86_64-linux-gnu/glib-2.0/include -I/usr/include/sysprof-6 -I/usr/include/x86_64-linux-gnu/qt5 -I/usr/include/x86_64-linux-gnu/qt5/QtQuick -I../../build-modern/staging/qtwebkit/include -I../../build-modern/staging/qtwebkit/include/QtWebKitWidgets -I../../build-modern/staging/qtwebkit/include/QtWebKit -I/usr/include/x86_64-linux-gnu/qt5/QtOpenGL -I/usr/include/x86_64-linux-gnu/qt5/QtWidgets -I/usr/include/x86_64-linux-gnu/qt5/QtGui -I/usr/include/x86_64-linux-gnu/qt5/QtQmlModels -I/usr/include/x86_64-linux-gnu/qt5/QtQml -I/usr/include/x86_64-linux-gnu/qt5/QtNetwork -I/usr/include/x86_64-linux-gnu/qt5/QtCore -Idebug-x86/.moc -I/usr/lib/x86_64-linux-gnu/qt5/mkspecs/linux-g++ -o debug-x86/.obj/WebAppFactoryMinimal.o Src/minimalui/WebAppFactoryMinimal.cpp
In file included from Src/webbase/WindowedWebApp.h:29,
                 from Src/lunaui/cards/CardWebApp.h:28,
                 from Src/minimalui/WebAppFactoryMinimal.cpp:26:
../../build-modern/staging/include/luna-sysmgr-common/AsyncCaller.h:49:26: warning: ‘GStaticRecMutex’ is deprecated: Use 'GRecMutex' instead [-Wdeprecated-declarations]
   49 |         GStaticRecMutex* m_mutex;
      |                          ^~~~~~~
In file included from /usr/include/glib-2.0/glib.h:115,
                 from ../../build-modern/staging/include/luna-sysmgr-common/sptr.h:37,
                 from Src/lunaui/cards/CardWebApp.h:26:
/usr/include/glib-2.0/glib/deprecated/gthread.h:160:33: note: declared here
  160 | typedef struct _GStaticRecMutex GStaticRecMutex GLIB_DEPRECATED_TYPE_IN_2_32_FOR(GRecMutex);
      |                                 ^~~~~~~~~~~~~~~
In file included from Src/webbase/WindowedWebApp.h:32:
../../build-modern/staging/include/luna-sysmgr-common/Event.h: In static member function ‘static bool Event::isPenEvent(Event*)’:
../../build-modern/staging/include/luna-sysmgr-common/Event.h:65:33: warning: bitwise operation between different enumeration types ‘SysMgrEvent::Type’ and ‘SysMgrEvent::EventMasks’ is deprecated [-Wdeprecated-enum-enum-conversion]
   65 |                 return (e->type & PenMask);
      |                         ~~~~~~~~^~~~~~~~~
../../build-modern/staging/include/luna-sysmgr-common/Event.h: In static member function ‘static bool Event::isKeyEvent(Event*)’:
../../build-modern/staging/include/luna-sysmgr-common/Event.h:69:33: warning: bitwise operation between different enumeration types ‘SysMgrEvent::Type’ and ‘SysMgrEvent::EventMasks’ is deprecated [-Wdeprecated-enum-enum-conversion]
   69 |                 return (e->type & KeyMask);
      |                         ~~~~~~~~^~~~~~~~~
../../build-modern/staging/include/luna-sysmgr-common/Event.h: In static member function ‘static bool Event::isGestureEvent(Event*)’:
../../build-modern/staging/include/luna-sysmgr-common/Event.h:73:33: warning: bitwise operation between different enumeration types ‘SysMgrEvent::Type’ and ‘SysMgrEvent::EventMasks’ is deprecated [-Wdeprecated-enum-enum-conversion]
   73 |                 return (e->type & GestureMask);
      |                         ~~~~~~~~^~~~~~~~~~~~~
../../build-modern/staging/include/luna-sysmgr-common/Event.h: In static member function ‘static bool Event::isPenOffEvent(Event*)’:
../../build-modern/staging/include/luna-sysmgr-common/Event.h:77:34: warning: bitwise operation between different enumeration types ‘SysMgrEvent::Type’ and ‘SysMgrEvent::EventMasks’ is deprecated [-Wdeprecated-enum-enum-conversion]
   77 |                 return ((e->type & PenMask) &&
      |                          ~~~~~~~~^~~~~~~~~
In file included from ../../build-modern/staging/include/luna-sysmgr-common/TaskBase.h:33,
                 from Src/core/SyncTask.h:27,
                 from Src/webbase/WebAppManager.h:34,
                 from Src/minimalui/WebAppFactoryMinimal.cpp:31:
../../build-modern/staging/include/luna-sysmgr-common/Mutex.h: At global scope:
../../build-modern/staging/include/luna-sysmgr-common/Mutex.h:43:26: warning: ‘GStaticRecMutex’ is deprecated: Use 'GRecMutex' instead [-Wdeprecated-declarations]
   43 |         GStaticRecMutex* m_mutex;
      |                          ^~~~~~~
/usr/include/glib-2.0/glib/deprecated/gthread.h:160:33: note: declared here
  160 | typedef struct _GStaticRecMutex GStaticRecMutex GLIB_DEPRECATED_TYPE_IN_2_32_FOR(GRecMutex);
      |                                 ^~~~~~~~~~~~~~~
g++ -c -pipe -fno-rtti -fno-exceptions -fvisibility=hidden -fvisibility-inlines-hidden -Wall -fpermissive -DFIX_FOR_QT -g -pthread -pthread -D_REENTRANT -Wall -Wextra -Wno-unused-parameter -Wno-unused-variable -Wno-reorder -Wno-missing-field-initializers -Wno-extra -fPIC -DQT_WEBOS -DSHIPPING_VERSION=0 -DTARGET_DESKTOP -DHAVE_OPENGL -DP_BACKEND=P_BACKEND_SOFT -DQT_NO_KEYWORDS -DQT_QUICK_LIB -DQT_WEBKITWIDGETS_LIB -DQT_WEBKIT_LIB -DQT_OPENGL_LIB -DQT_WIDGETS_LIB -DQT_GUI_LIB -DQT_QMLMODELS_LIB -DQT_QML_LIB -DQT_NETWORK_LIB -DQT_CORE_LIB -I. -ISrc -ISrc/base -ISrc/base/application -I./Src/base/hosts -I./Src/base/gesture -ISrc/base/windowdata -ISrc/base/settings -ISrc/core -I./Src/sound -ISrc/webbase -ISrc/lunaui -ISrc/lunaui/cards -ISrc/lunaui/notifications -I./Src/lunaui/emergency -ISrc/lunaui/dock -ISrc/minimalui -I./Src/lunaui/status-bar -I../../build-modern/staging/include -I/home/gcarrillo/repos/personal/webos-ce-mono/build-modern/staging/include/Qt -I/home/gcarrillo/repos/personal/webos-ce-mono/build-modern/staging/include/QtCore -I/home/gcarrillo/repos/personal/webos-ce-mono/build-modern/staging/include/QtGui -I/home/gcarrillo/repos/personal/webos-ce-mono/build-modern/staging/include/QtNetwork -I/home/gcarrillo/repos/personal/webos-ce-mono/build-modern/staging/include/QtOpenGL -I/home/gcarrillo/repos/personal/webos-ce-mono/build-modern/staging/include/QtSql -I/home/gcarrillo/repos/personal/webos-ce-mono/build-modern/staging/include/QtDeclarative -I/home/gcarrillo/repos/personal/webos-ce-mono/build-modern/staging/include/sysmgr-ipc -I../../build-modern/staging/include/ime -I../../build-modern/staging/include/luna-sysmgr-common -I../../build-modern/staging/usr/include -I/home/gcarrillo/repos/personal/webos-ce-mono/build-modern/staging/include/QtWebKitWidgets -I../../build-modern/staging/include -I../../build-modern/staging/usr/include -I../../build-modern/staging/usr/include/sysmgr-ipc -I../../build-modern/staging/include/luna-sysmgr-common -I../../build-modern/staging/include/luna-service2 -I../../build-modern/staging/include/ime -I/home/gcarrillo/repos/personal/webos-ce-mono/build-modern/staging/include/webkit/npapi -I/usr/include/glib-2.0 -I/usr/lib/x86_64-linux-gnu/glib-2.0/include -I/usr/include/sysprof-6 -I/usr/include/x86_64-linux-gnu/qt5 -I/usr/include/x86_64-linux-gnu/qt5/QtQuick -I../../build-modern/staging/qtwebkit/include -I../../build-modern/staging/qtwebkit/include/QtWebKitWidgets -I../../build-modern/staging/qtwebkit/include/QtWebKit -I/usr/include/x86_64-linux-gnu/qt5/QtOpenGL -I/usr/include/x86_64-linux-gnu/qt5/QtWidgets -I/usr/include/x86_64-linux-gnu/qt5/QtGui -I/usr/include/x86_64-linux-gnu/qt5/QtQmlModels -I/usr/include/x86_64-linux-gnu/qt5/QtQml -I/usr/include/x86_64-linux-gnu/qt5/QtNetwork -I/usr/include/x86_64-linux-gnu/qt5/QtCore -Idebug-x86/.moc -I/usr/lib/x86_64-linux-gnu/qt5/mkspecs/linux-g++ -o debug-x86/.obj/WebAppFactoryLuna.o Src/lunaui/WebAppFactoryLuna.cpp
In file included from Src/webbase/WindowedWebApp.h:29,
                 from Src/lunaui/notifications/AlertWebApp.h:27,
                 from Src/lunaui/WebAppFactoryLuna.cpp:26:
../../build-modern/staging/include/luna-sysmgr-common/AsyncCaller.h:49:26: warning: ‘GStaticRecMutex’ is deprecated: Use 'GRecMutex' instead [-Wdeprecated-declarations]
   49 |         GStaticRecMutex* m_mutex;
      |                          ^~~~~~~
In file included from /usr/include/glib-2.0/glib.h:115,
                 from ../../build-modern/staging/include/luna-sysmgr-common/AsyncCaller.h:27:
/usr/include/glib-2.0/glib/deprecated/gthread.h:160:33: note: declared here
  160 | typedef struct _GStaticRecMutex GStaticRecMutex GLIB_DEPRECATED_TYPE_IN_2_32_FOR(GRecMutex);
      |                                 ^~~~~~~~~~~~~~~
In file included from Src/webbase/WindowedWebApp.h:32:
../../build-modern/staging/include/luna-sysmgr-common/Event.h: In static member function ‘static bool Event::isPenEvent(Event*)’:
../../build-modern/staging/include/luna-sysmgr-common/Event.h:65:33: warning: bitwise operation between different enumeration types ‘SysMgrEvent::Type’ and ‘SysMgrEvent::EventMasks’ is deprecated [-Wdeprecated-enum-enum-conversion]
   65 |                 return (e->type & PenMask);
      |                         ~~~~~~~~^~~~~~~~~
../../build-modern/staging/include/luna-sysmgr-common/Event.h: In static member function ‘static bool Event::isKeyEvent(Event*)’:
../../build-modern/staging/include/luna-sysmgr-common/Event.h:69:33: warning: bitwise operation between different enumeration types ‘SysMgrEvent::Type’ and ‘SysMgrEvent::EventMasks’ is deprecated [-Wdeprecated-enum-enum-conversion]
   69 |                 return (e->type & KeyMask);
      |                         ~~~~~~~~^~~~~~~~~
../../build-modern/staging/include/luna-sysmgr-common/Event.h: In static member function ‘static bool Event::isGestureEvent(Event*)’:
../../build-modern/staging/include/luna-sysmgr-common/Event.h:73:33: warning: bitwise operation between different enumeration types ‘SysMgrEvent::Type’ and ‘SysMgrEvent::EventMasks’ is deprecated [-Wdeprecated-enum-enum-conversion]
   73 |                 return (e->type & GestureMask);
      |                         ~~~~~~~~^~~~~~~~~~~~~
../../build-modern/staging/include/luna-sysmgr-common/Event.h: In static member function ‘static bool Event::isPenOffEvent(Event*)’:
../../build-modern/staging/include/luna-sysmgr-common/Event.h:77:34: warning: bitwise operation between different enumeration types ‘SysMgrEvent::Type’ and ‘SysMgrEvent::EventMasks’ is deprecated [-Wdeprecated-enum-enum-conversion]
   77 |                 return ((e->type & PenMask) &&
      |                          ~~~~~~~~^~~~~~~~~
In file included from ../../build-modern/staging/include/luna-sysmgr-common/TaskBase.h:33,
                 from Src/core/SyncTask.h:27,
                 from Src/webbase/WebAppManager.h:34,
                 from Src/lunaui/WebAppFactoryLuna.cpp:33:
../../build-modern/staging/include/luna-sysmgr-common/Mutex.h: At global scope:
../../build-modern/staging/include/luna-sysmgr-common/Mutex.h:43:26: warning: ‘GStaticRecMutex’ is deprecated: Use 'GRecMutex' instead [-Wdeprecated-declarations]
   43 |         GStaticRecMutex* m_mutex;
      |                          ^~~~~~~
/usr/include/glib-2.0/glib/deprecated/gthread.h:160:33: note: declared here
  160 | typedef struct _GStaticRecMutex GStaticRecMutex GLIB_DEPRECATED_TYPE_IN_2_32_FOR(GRecMutex);
      |                                 ^~~~~~~~~~~~~~~
g++ -c -pipe -fno-rtti -fno-exceptions -fvisibility=hidden -fvisibility-inlines-hidden -Wall -fpermissive -DFIX_FOR_QT -g -pthread -pthread -D_REENTRANT -Wall -Wextra -Wno-unused-parameter -Wno-unused-variable -Wno-reorder -Wno-missing-field-initializers -Wno-extra -fPIC -DQT_WEBOS -DSHIPPING_VERSION=0 -DTARGET_DESKTOP -DHAVE_OPENGL -DP_BACKEND=P_BACKEND_SOFT -DQT_NO_KEYWORDS -DQT_QUICK_LIB -DQT_WEBKITWIDGETS_LIB -DQT_WEBKIT_LIB -DQT_OPENGL_LIB -DQT_WIDGETS_LIB -DQT_GUI_LIB -DQT_QMLMODELS_LIB -DQT_QML_LIB -DQT_NETWORK_LIB -DQT_CORE_LIB -I. -ISrc -ISrc/base -ISrc/base/application -I./Src/base/hosts -I./Src/base/gesture -ISrc/base/windowdata -ISrc/base/settings -ISrc/core -I./Src/sound -ISrc/webbase -ISrc/lunaui -ISrc/lunaui/cards -ISrc/lunaui/notifications -I./Src/lunaui/emergency -ISrc/lunaui/dock -ISrc/minimalui -I./Src/lunaui/status-bar -I../../build-modern/staging/include -I/home/gcarrillo/repos/personal/webos-ce-mono/build-modern/staging/include/Qt -I/home/gcarrillo/repos/personal/webos-ce-mono/build-modern/staging/include/QtCore -I/home/gcarrillo/repos/personal/webos-ce-mono/build-modern/staging/include/QtGui -I/home/gcarrillo/repos/personal/webos-ce-mono/build-modern/staging/include/QtNetwork -I/home/gcarrillo/repos/personal/webos-ce-mono/build-modern/staging/include/QtOpenGL -I/home/gcarrillo/repos/personal/webos-ce-mono/build-modern/staging/include/QtSql -I/home/gcarrillo/repos/personal/webos-ce-mono/build-modern/staging/include/QtDeclarative -I/home/gcarrillo/repos/personal/webos-ce-mono/build-modern/staging/include/sysmgr-ipc -I../../build-modern/staging/include/ime -I../../build-modern/staging/include/luna-sysmgr-common -I../../build-modern/staging/usr/include -I/home/gcarrillo/repos/personal/webos-ce-mono/build-modern/staging/include/QtWebKitWidgets -I../../build-modern/staging/include -I../../build-modern/staging/usr/include -I../../build-modern/staging/usr/include/sysmgr-ipc -I../../build-modern/staging/include/luna-sysmgr-common -I../../build-modern/staging/include/luna-service2 -I../../build-modern/staging/include/ime -I/home/gcarrillo/repos/personal/webos-ce-mono/build-modern/staging/include/webkit/npapi -I/usr/include/glib-2.0 -I/usr/lib/x86_64-linux-gnu/glib-2.0/include -I/usr/include/sysprof-6 -I/usr/include/x86_64-linux-gnu/qt5 -I/usr/include/x86_64-linux-gnu/qt5/QtQuick -I../../build-modern/staging/qtwebkit/include -I../../build-modern/staging/qtwebkit/include/QtWebKitWidgets -I../../build-modern/staging/qtwebkit/include/QtWebKit -I/usr/include/x86_64-linux-gnu/qt5/QtOpenGL -I/usr/include/x86_64-linux-gnu/qt5/QtWidgets -I/usr/include/x86_64-linux-gnu/qt5/QtGui -I/usr/include/x86_64-linux-gnu/qt5/QtQmlModels -I/usr/include/x86_64-linux-gnu/qt5/QtQml -I/usr/include/x86_64-linux-gnu/qt5/QtNetwork -I/usr/include/x86_64-linux-gnu/qt5/QtCore -Idebug-x86/.moc -I/usr/lib/x86_64-linux-gnu/qt5/mkspecs/linux-g++ -o debug-x86/.obj/WebAppManager.o Src/webbase/WebAppManager.cpp
In file included from Src/webbase/WebAppManager.cpp:43:
../../build-modern/staging/include/luna-sysmgr-common/JSONUtils.h:43:57: warning: invalid suffix on literal; C++11 requires a space between literal and string macro [-Wliteral-suffix]
   43 | #define STANDARD_JSON_ERROR(errorCode, errorText)       "{\"returnValue\":false,\"errorCode\":"STR(errorCode)",\"errorText\":\"" errorText "\"}"
      |                                                         ^
Src/webbase/WebAppManager.cpp:69:8: warning: extra tokens at end of ‘#endif’ directive [-Wendif-labels]
   69 | #endif HAS_NYX
      |        ^~~~~~~
In file included from ../../build-modern/staging/include/luna-sysmgr-common/TaskBase.h:31,
                 from Src/core/SyncTask.h:27,
                 from Src/webbase/WebAppManager.h:34,
                 from Src/webbase/WebAppManager.cpp:35:
../../build-modern/staging/include/luna-sysmgr-common/AsyncCaller.h:49:26: warning: ‘GStaticRecMutex’ is deprecated: Use 'GRecMutex' instead [-Wdeprecated-declarations]
   49 |         GStaticRecMutex* m_mutex;
      |                          ^~~~~~~
In file included from /usr/include/glib-2.0/glib.h:115,
                 from ../../build-modern/staging/usr/include/sysmgr-ipc/PIpcChannel.h:21,
                 from Src/webbase/WebAppManager.cpp:31:
/usr/include/glib-2.0/glib/deprecated/gthread.h:160:33: note: declared here
  160 | typedef struct _GStaticRecMutex GStaticRecMutex GLIB_DEPRECATED_TYPE_IN_2_32_FOR(GRecMutex);
      |                                 ^~~~~~~~~~~~~~~
In file included from ../../build-modern/staging/include/luna-sysmgr-common/TaskBase.h:32:
../../build-modern/staging/include/luna-sysmgr-common/Event.h: In static member function ‘static bool Event::isPenEvent(Event*)’:
../../build-modern/staging/include/luna-sysmgr-common/Event.h:65:33: warning: bitwise operation between different enumeration types ‘SysMgrEvent::Type’ and ‘SysMgrEvent::EventMasks’ is deprecated [-Wdeprecated-enum-enum-conversion]
   65 |                 return (e->type & PenMask);
      |                         ~~~~~~~~^~~~~~~~~
../../build-modern/staging/include/luna-sysmgr-common/Event.h: In static member function ‘static bool Event::isKeyEvent(Event*)’:
../../build-modern/staging/include/luna-sysmgr-common/Event.h:69:33: warning: bitwise operation between different enumeration types ‘SysMgrEvent::Type’ and ‘SysMgrEvent::EventMasks’ is deprecated [-Wdeprecated-enum-enum-conversion]
   69 |                 return (e->type & KeyMask);
      |                         ~~~~~~~~^~~~~~~~~
../../build-modern/staging/include/luna-sysmgr-common/Event.h: In static member function ‘static bool Event::isGestureEvent(Event*)’:
../../build-modern/staging/include/luna-sysmgr-common/Event.h:73:33: warning: bitwise operation between different enumeration types ‘SysMgrEvent::Type’ and ‘SysMgrEvent::EventMasks’ is deprecated [-Wdeprecated-enum-enum-conversion]
   73 |                 return (e->type & GestureMask);
      |                         ~~~~~~~~^~~~~~~~~~~~~
../../build-modern/staging/include/luna-sysmgr-common/Event.h: In static member function ‘static bool Event::isPenOffEvent(Event*)’:
../../build-modern/staging/include/luna-sysmgr-common/Event.h:77:34: warning: bitwise operation between different enumeration types ‘SysMgrEvent::Type’ and ‘SysMgrEvent::EventMasks’ is deprecated [-Wdeprecated-enum-enum-conversion]
   77 |                 return ((e->type & PenMask) &&
      |                          ~~~~~~~~^~~~~~~~~
In file included from ../../build-modern/staging/include/luna-sysmgr-common/TaskBase.h:33:
../../build-modern/staging/include/luna-sysmgr-common/Mutex.h: At global scope:
../../build-modern/staging/include/luna-sysmgr-common/Mutex.h:43:26: warning: ‘GStaticRecMutex’ is deprecated: Use 'GRecMutex' instead [-Wdeprecated-declarations]
   43 |         GStaticRecMutex* m_mutex;
      |                          ^~~~~~~
/usr/include/glib-2.0/glib/deprecated/gthread.h:160:33: note: declared here
  160 | typedef struct _GStaticRecMutex GStaticRecMutex GLIB_DEPRECATED_TYPE_IN_2_32_FOR(GRecMutex);
      |                                 ^~~~~~~~~~~~~~~
In file included from ../../build-modern/staging/usr/include/pbnjson.h:168,
                 from ../../build-modern/staging/include/luna-sysmgr-common/JSONUtils.h:25:
../../build-modern/staging/usr/include/pbnjson/c/jobject.h: In function ‘raw_buffer j_cstr_to_buffer(const char*)’:
../../build-modern/staging/usr/include/pbnjson/c/jobject.h:1052:47: warning: narrowing conversion of ‘strlen(cstring)’ from ‘size_t’ {aka ‘long unsigned int’} to ‘long int’ [-Wnarrowing]
 1052 |         return ((raw_buffer) { cstring, strlen(cstring) } );
      |                                         ~~~~~~^~~~~~~~~
../../build-modern/staging/usr/include/pbnjson/c/jobject.h: In function ‘raw_buffer j_str_to_buffer(const char*, size_t)’:
../../build-modern/staging/usr/include/pbnjson/c/jobject.h:1077:42: warning: narrowing conversion of ‘length’ from ‘size_t’ {aka ‘long unsigned int’} to ‘long int’ [-Wnarrowing]
 1077 |         return ((raw_buffer){ (string), (length) });
      |                                         ~^~~~~~~
In file included from ../../build-modern/staging/usr/include/pbnjson.hpp:164,
                 from ../../build-modern/staging/include/luna-sysmgr-common/JSONUtils.h:26:
../../build-modern/staging/usr/include/pbnjson/cxx/JValue.h: At global scope:
../../build-modern/staging/usr/include/pbnjson/cxx/JValue.h:513:44: warning: ‘template<class _Category, class _Tp, class _Distance, class _Pointer, class _Reference> struct std::iterator’ is deprecated [-Wdeprecated-declarations]
  513 |         class ObjectIterator : public std::iterator<std::input_iterator_tag, JValue, void, void, void> {
      |                                            ^~~~~~~~
In file included from /usr/include/c++/16/bits/stl_construct.h:61,
                 from /usr/include/c++/16/bits/char_traits.h:59,
                 from /usr/include/c++/16/string:45,
                 from Src/webbase/WebAppManager.cpp:22:
/usr/include/c++/16/bits/stl_iterator_base_types.h:129:34: note: declared here
  129 |     struct _GLIBCXX17_DEPRECATED iterator
      |                                  ^~~~~~~~
../../build-modern/staging/usr/include/pbnjson/cxx/JValue.h:620:49: warning: ‘template<class _Category, class _Tp, class _Distance, class _Pointer, class _Reference> struct std::iterator’ is deprecated [-Wdeprecated-declarations]
  620 |         class ObjectConstIterator : public std::iterator<std::input_iterator_tag, JValue, void, void, void> {
      |                                                 ^~~~~~~~
/usr/include/c++/16/bits/stl_iterator_base_types.h:129:34: note: declared here
  129 |     struct _GLIBCXX17_DEPRECATED iterator
      |                                  ^~~~~~~~
In file included from ../../build-modern/staging/usr/include/pbnjson/cxx/JDomParser.h:22,
                 from ../../build-modern/staging/usr/include/pbnjson.hpp:167:
../../build-modern/staging/usr/include/pbnjson/cxx/JParser.h:181:41: warning: ‘virtual JSchemaResolutionResult pbnjson::JParser::resolve(JSchemaResolverRef, jschema**)’ was hidden [-Woverloaded-virtual=]
  181 |         virtual JSchemaResolutionResult resolve(JSchemaResolverRef abstractResolver, jschema_ref *resolvedSchema);
      |                                         ^~~~~~~
../../build-modern/staging/usr/include/pbnjson/cxx/JDomParser.h:110:33: note:   by ‘JSchemaResolutionResult pbnjson::JDomParser::resolve(void*, jschema**)’
  110 |         JSchemaResolutionResult resolve(void *resolver, jschema_ref *resolvedSchema);
      |                                 ^~~~~~~
In file included from ../../build-modern/staging/usr/include/pbnjson/cxx/JGenerator.h:24,
                 from ../../build-modern/staging/usr/include/pbnjson.hpp:165:
../../build-modern/staging/usr/include/pbnjson/cxx/JSchema.h:126:26: warning: ‘virtual pbnjson::JSchema& pbnjson::JSchema::operator=(const pbnjson::JSchema&)’ was hidden [-Woverloaded-virtual=]
  126 |         virtual JSchema& operator=(const JSchema& other);
      |                          ^~~~~~~~
In file included from ../../build-modern/staging/usr/include/pbnjson.hpp:168:
../../build-modern/staging/usr/include/pbnjson/cxx/JSchemaFile.h:47:20: note:   by ‘pbnjson::JSchemaFile& pbnjson::JSchemaFile::operator=(const pbnjson::JSchemaFile&)’
   47 | class PJSONCXX_API JSchemaFile : public JSchema
      |                    ^~~~~~~~~~~
../../build-modern/staging/usr/include/pbnjson/cxx/JSchema.h:126:26: warning: ‘virtual pbnjson::JSchema& pbnjson::JSchema::operator=(const pbnjson::JSchema&)’ was hidden [-Woverloaded-virtual=]
  126 |         virtual JSchema& operator=(const JSchema& other);
      |                          ^~~~~~~~
In file included from ../../build-modern/staging/usr/include/pbnjson.hpp:169:
../../build-modern/staging/usr/include/pbnjson/cxx/JSchemaFragment.h:41:20: note:   by ‘pbnjson::JSchemaFragment& pbnjson::JSchemaFragment::operator=(const pbnjson::JSchemaFragment&)’
   41 | class PJSONCXX_API JSchemaFragment : public JSchema
      |                    ^~~~~~~~~~~~~~~
Src/webbase/WebAppManager.cpp: In destructor ‘virtual WebAppManager::~WebAppManager()’:
Src/webbase/WebAppManager.cpp:244:9: warning: deleting object of polymorphic class type ‘WebKitEventListener’ which has non-virtual destructor might cause undefined behavior [-Wdelete-non-virtual-dtor]
  244 |         delete m_wkEventListener;
      |         ^~~~~~~~~~~~~~~~~~~~~~~~
Src/webbase/WebAppManager.cpp: In function ‘long int percentages(int, int*, long int*, long int*, long int*)’:
Src/webbase/WebAppManager.cpp:2688:22: warning: ISO C++17 does not allow ‘register’ storage class specifier [-Wregister]
 2688 |         register int i;
      |                      ^
Src/webbase/WebAppManager.cpp:2689:23: warning: ISO C++17 does not allow ‘register’ storage class specifier [-Wregister]
 2689 |         register long change;
      |                       ^~~~~~
Src/webbase/WebAppManager.cpp:2690:23: warning: ISO C++17 does not allow ‘register’ storage class specifier [-Wregister]
 2690 |         register long total_change;
      |                       ^~~~~~~~~~~~
Src/webbase/WebAppManager.cpp:2691:24: warning: ISO C++17 does not allow ‘register’ storage class specifier [-Wregister]
 2691 |         register long *dp;
      |                        ^~
g++ -c -pipe -fno-rtti -fno-exceptions -fvisibility=hidden -fvisibility-inlines-hidden -Wall -fpermissive -DFIX_FOR_QT -g -pthread -pthread -D_REENTRANT -Wall -Wextra -Wno-unused-parameter -Wno-unused-variable -Wno-reorder -Wno-missing-field-initializers -Wno-extra -fPIC -DQT_WEBOS -DSHIPPING_VERSION=0 -DTARGET_DESKTOP -DHAVE_OPENGL -DP_BACKEND=P_BACKEND_SOFT -DQT_NO_KEYWORDS -DQT_QUICK_LIB -DQT_WEBKITWIDGETS_LIB -DQT_WEBKIT_LIB -DQT_OPENGL_LIB -DQT_WIDGETS_LIB -DQT_GUI_LIB -DQT_QMLMODELS_LIB -DQT_QML_LIB -DQT_NETWORK_LIB -DQT_CORE_LIB -I. -ISrc -ISrc/base -ISrc/base/application -I./Src/base/hosts -I./Src/base/gesture -ISrc/base/windowdata -ISrc/base/settings -ISrc/core -I./Src/sound -ISrc/webbase -ISrc/lunaui -ISrc/lunaui/cards -ISrc/lunaui/notifications -I./Src/lunaui/emergency -ISrc/lunaui/dock -ISrc/minimalui -I./Src/lunaui/status-bar -I../../build-modern/staging/include -I/home/gcarrillo/repos/personal/webos-ce-mono/build-modern/staging/include/Qt -I/home/gcarrillo/repos/personal/webos-ce-mono/build-modern/staging/include/QtCore -I/home/gcarrillo/repos/personal/webos-ce-mono/build-modern/staging/include/QtGui -I/home/gcarrillo/repos/personal/webos-ce-mono/build-modern/staging/include/QtNetwork -I/home/gcarrillo/repos/personal/webos-ce-mono/build-modern/staging/include/QtOpenGL -I/home/gcarrillo/repos/personal/webos-ce-mono/build-modern/staging/include/QtSql -I/home/gcarrillo/repos/personal/webos-ce-mono/build-modern/staging/include/QtDeclarative -I/home/gcarrillo/repos/personal/webos-ce-mono/build-modern/staging/include/sysmgr-ipc -I../../build-modern/staging/include/ime -I../../build-modern/staging/include/luna-sysmgr-common -I../../build-modern/staging/usr/include -I/home/gcarrillo/repos/personal/webos-ce-mono/build-modern/staging/include/QtWebKitWidgets -I../../build-modern/staging/include -I../../build-modern/staging/usr/include -I../../build-modern/staging/usr/include/sysmgr-ipc -I../../build-modern/staging/include/luna-sysmgr-common -I../../build-modern/staging/include/luna-service2 -I../../build-modern/staging/include/ime -I/home/gcarrillo/repos/personal/webos-ce-mono/build-modern/staging/include/webkit/npapi -I/usr/include/glib-2.0 -I/usr/lib/x86_64-linux-gnu/glib-2.0/include -I/usr/include/sysprof-6 -I/usr/include/x86_64-linux-gnu/qt5 -I/usr/include/x86_64-linux-gnu/qt5/QtQuick -I../../build-modern/staging/qtwebkit/include -I../../build-modern/staging/qtwebkit/include/QtWebKitWidgets -I../../build-modern/staging/qtwebkit/include/QtWebKit -I/usr/include/x86_64-linux-gnu/qt5/QtOpenGL -I/usr/include/x86_64-linux-gnu/qt5/QtWidgets -I/usr/include/x86_64-linux-gnu/qt5/QtGui -I/usr/include/x86_64-linux-gnu/qt5/QtQmlModels -I/usr/include/x86_64-linux-gnu/qt5/QtQml -I/usr/include/x86_64-linux-gnu/qt5/QtNetwork -I/usr/include/x86_64-linux-gnu/qt5/QtCore -Idebug-x86/.moc -I/usr/lib/x86_64-linux-gnu/qt5/mkspecs/linux-g++ -o debug-x86/.obj/WebKitEventListener.o Src/base/WebKitEventListener.cpp
g++ -c -pipe -fno-rtti -fno-exceptions -fvisibility=hidden -fvisibility-inlines-hidden -Wall -fpermissive -DFIX_FOR_QT -g -pthread -pthread -D_REENTRANT -Wall -Wextra -Wno-unused-parameter -Wno-unused-variable -Wno-reorder -Wno-missing-field-initializers -Wno-extra -fPIC -DQT_WEBOS -DSHIPPING_VERSION=0 -DTARGET_DESKTOP -DHAVE_OPENGL -DP_BACKEND=P_BACKEND_SOFT -DQT_NO_KEYWORDS -DQT_QUICK_LIB -DQT_WEBKITWIDGETS_LIB -DQT_WEBKIT_LIB -DQT_OPENGL_LIB -DQT_WIDGETS_LIB -DQT_GUI_LIB -DQT_QMLMODELS_LIB -DQT_QML_LIB -DQT_NETWORK_LIB -DQT_CORE_LIB -I. -ISrc -ISrc/base -ISrc/base/application -I./Src/base/hosts -I./Src/base/gesture -ISrc/base/windowdata -ISrc/base/settings -ISrc/core -I./Src/sound -ISrc/webbase -ISrc/lunaui -ISrc/lunaui/cards -ISrc/lunaui/notifications -I./Src/lunaui/emergency -ISrc/lunaui/dock -ISrc/minimalui -I./Src/lunaui/status-bar -I../../build-modern/staging/include -I/home/gcarrillo/repos/personal/webos-ce-mono/build-modern/staging/include/Qt -I/home/gcarrillo/repos/personal/webos-ce-mono/build-modern/staging/include/QtCore -I/home/gcarrillo/repos/personal/webos-ce-mono/build-modern/staging/include/QtGui -I/home/gcarrillo/repos/personal/webos-ce-mono/build-modern/staging/include/QtNetwork -I/home/gcarrillo/repos/personal/webos-ce-mono/build-modern/staging/include/QtOpenGL -I/home/gcarrillo/repos/personal/webos-ce-mono/build-modern/staging/include/QtSql -I/home/gcarrillo/repos/personal/webos-ce-mono/build-modern/staging/include/QtDeclarative -I/home/gcarrillo/repos/personal/webos-ce-mono/build-modern/staging/include/sysmgr-ipc -I../../build-modern/staging/include/ime -I../../build-modern/staging/include/luna-sysmgr-common -I../../build-modern/staging/usr/include -I/home/gcarrillo/repos/personal/webos-ce-mono/build-modern/staging/include/QtWebKitWidgets -I../../build-modern/staging/include -I../../build-modern/staging/usr/include -I../../build-modern/staging/usr/include/sysmgr-ipc -I../../build-modern/staging/include/luna-sysmgr-common -I../../build-modern/staging/include/luna-service2 -I../../build-modern/staging/include/ime -I/home/gcarrillo/repos/personal/webos-ce-mono/build-modern/staging/include/webkit/npapi -I/usr/include/glib-2.0 -I/usr/lib/x86_64-linux-gnu/glib-2.0/include -I/usr/include/sysprof-6 -I/usr/include/x86_64-linux-gnu/qt5 -I/usr/include/x86_64-linux-gnu/qt5/QtQuick -I../../build-modern/staging/qtwebkit/include -I../../build-modern/staging/qtwebkit/include/QtWebKitWidgets -I../../build-modern/staging/qtwebkit/include/QtWebKit -I/usr/include/x86_64-linux-gnu/qt5/QtOpenGL -I/usr/include/x86_64-linux-gnu/qt5/QtWidgets -I/usr/include/x86_64-linux-gnu/qt5/QtGui -I/usr/include/x86_64-linux-gnu/qt5/QtQmlModels -I/usr/include/x86_64-linux-gnu/qt5/QtQml -I/usr/include/x86_64-linux-gnu/qt5/QtNetwork -I/usr/include/x86_64-linux-gnu/qt5/QtCore -Idebug-x86/.moc -I/usr/lib/x86_64-linux-gnu/qt5/mkspecs/linux-g++ -o debug-x86/.obj/WindowedWebApp.o Src/webbase/WindowedWebApp.cpp
In file included from Src/base/EventReporter.h:28,
                 from Src/webbase/WindowedWebApp.cpp:30:
../../build-modern/staging/include/luna-sysmgr-common/Mutex.h:43:26: warning: ‘GStaticRecMutex’ is deprecated: Use 'GRecMutex' instead [-Wdeprecated-declarations]
   43 |         GStaticRecMutex* m_mutex;
      |                          ^~~~~~~
In file included from /usr/include/glib-2.0/glib.h:115,
                 from ../../build-modern/staging/usr/include/sysmgr-ipc/PIpcChannel.h:21,
                 from Src/webbase/WindowedWebApp.cpp:27:
/usr/include/glib-2.0/glib/deprecated/gthread.h:160:33: note: declared here
  160 | typedef struct _GStaticRecMutex GStaticRecMutex GLIB_DEPRECATED_TYPE_IN_2_32_FOR(GRecMutex);
      |                                 ^~~~~~~~~~~~~~~
In file included from Src/webbase/WindowedWebApp.h:29,
                 from Src/webbase/WindowedWebApp.cpp:33:
../../build-modern/staging/include/luna-sysmgr-common/AsyncCaller.h:49:26: warning: ‘GStaticRecMutex’ is deprecated: Use 'GRecMutex' instead [-Wdeprecated-declarations]
   49 |         GStaticRecMutex* m_mutex;
      |                          ^~~~~~~
/usr/include/glib-2.0/glib/deprecated/gthread.h:160:33: note: declared here
  160 | typedef struct _GStaticRecMutex GStaticRecMutex GLIB_DEPRECATED_TYPE_IN_2_32_FOR(GRecMutex);
      |                                 ^~~~~~~~~~~~~~~
In file included from Src/webbase/WindowedWebApp.h:32:
../../build-modern/staging/include/luna-sysmgr-common/Event.h: In static member function ‘static bool Event::isPenEvent(Event*)’:
../../build-modern/staging/include/luna-sysmgr-common/Event.h:65:33: warning: bitwise operation between different enumeration types ‘SysMgrEvent::Type’ and ‘SysMgrEvent::EventMasks’ is deprecated [-Wdeprecated-enum-enum-conversion]
   65 |                 return (e->type & PenMask);
      |                         ~~~~~~~~^~~~~~~~~
../../build-modern/staging/include/luna-sysmgr-common/Event.h: In static member function ‘static bool Event::isKeyEvent(Event*)’:
../../build-modern/staging/include/luna-sysmgr-common/Event.h:69:33: warning: bitwise operation between different enumeration types ‘SysMgrEvent::Type’ and ‘SysMgrEvent::EventMasks’ is deprecated [-Wdeprecated-enum-enum-conversion]
   69 |                 return (e->type & KeyMask);
      |                         ~~~~~~~~^~~~~~~~~
../../build-modern/staging/include/luna-sysmgr-common/Event.h: In static member function ‘static bool Event::isGestureEvent(Event*)’:
../../build-modern/staging/include/luna-sysmgr-common/Event.h:73:33: warning: bitwise operation between different enumeration types ‘SysMgrEvent::Type’ and ‘SysMgrEvent::EventMasks’ is deprecated [-Wdeprecated-enum-enum-conversion]
   73 |                 return (e->type & GestureMask);
      |                         ~~~~~~~~^~~~~~~~~~~~~
../../build-modern/staging/include/luna-sysmgr-common/Event.h: In static member function ‘static bool Event::isPenOffEvent(Event*)’:
../../build-modern/staging/include/luna-sysmgr-common/Event.h:77:34: warning: bitwise operation between different enumeration types ‘SysMgrEvent::Type’ and ‘SysMgrEvent::EventMasks’ is deprecated [-Wdeprecated-enum-enum-conversion]
   77 |                 return ((e->type & PenMask) &&
      |                          ~~~~~~~~^~~~~~~~~
Src/webbase/WindowedWebApp.cpp: In member function ‘virtual void WindowedWebApp::inputEvent(sptr<Event>)’:
Src/webbase/WindowedWebApp.cpp:408:134: warning: ‘constexpr QFlags<T>::QFlags(Zero) [with Enum = Qt::KeyboardModifier; Zero = int QFlags<Qt::KeyboardModifier>::Private::*]’ is deprecated: Use default constructor instead [-Wdeprecated-declarations]
  408 |             QMouseEvent* qtEvent = new QMouseEvent(QEvent::MouseButtonPress, QPoint(evt->x, evt->y), Qt::LeftButton, Qt::LeftButton, 0);
      |                                                                                                                                      ^
In file included from /usr/include/x86_64-linux-gnu/qt5/QtCore/qglobal.h:1310,
                 from /usr/include/x86_64-linux-gnu/qt5/QtCore/qchar.h:43,
                 from /usr/include/x86_64-linux-gnu/qt5/QtCore/qstring.h:49,
                 from /usr/include/x86_64-linux-gnu/qt5/QtCore/QString:1,
                 from Src/webbase/WebAppFactory.h:27,
                 from Src/webbase/WindowedWebApp.cpp:32:
/usr/include/x86_64-linux-gnu/qt5/QtCore/qflags.h:123:80: note: declared here
  123 |     QT_DEPRECATED_X("Use default constructor instead") Q_DECL_CONSTEXPR inline QFlags(Zero) noexcept : i(0) {}
      |                                                                                ^~~~~~
Src/webbase/WindowedWebApp.cpp:411:136: warning: ‘constexpr QFlags<T>::QFlags(Zero) [with Enum = Qt::KeyboardModifier; Zero = int QFlags<Qt::KeyboardModifier>::Private::*]’ is deprecated: Use default constructor instead [-Wdeprecated-declarations]
  411 |             QMouseEvent* qtEvent = new QMouseEvent(QEvent::MouseButtonRelease, QPoint(evt->x, evt->y), Qt::LeftButton, Qt::LeftButton, 0);
      |                                                                                                                                        ^
/usr/include/x86_64-linux-gnu/qt5/QtCore/qflags.h:123:80: note: declared here
  123 |     QT_DEPRECATED_X("Use default constructor instead") Q_DECL_CONSTEXPR inline QFlags(Zero) noexcept : i(0) {}
      |                                                                                ^~~~~~
Src/webbase/WindowedWebApp.cpp:446:123: warning: ‘constexpr QFlags<T>::QFlags(Zero) [with Enum = Qt::KeyboardModifier; Zero = int QFlags<Qt::KeyboardModifier>::Private::*]’ is deprecated: Use default constructor instead [-Wdeprecated-declarations]
  446 |             QMouseEvent* qtEvent = new QMouseEvent(QEvent::MouseMove, QPoint(evt->x, evt->y), Qt::NoButton, Qt::NoButton, 0);
      |                                                                                                                           ^
/usr/include/x86_64-linux-gnu/qt5/QtCore/qflags.h:123:80: note: declared here
  123 |     QT_DEPRECATED_X("Use default constructor instead") Q_DECL_CONSTEXPR inline QFlags(Zero) noexcept : i(0) {}
      |                                                                                ^~~~~~
Src/webbase/WindowedWebApp.cpp:449:47: warning: ‘QString& QString::sprintf(const char*, ...)’ is deprecated: Use asprintf(), arg() or QTextStream instead [-Wdeprecated-declarations]
  449 |             QString script = QString().sprintf("if (window.Mojo && window.Mojo.handleGesture) {window.Mojo.handleGesture('flick', {x: %d, y: %d, timeStamp: %u, xVel: %d, yVel: %d})}", evt->x, evt->y, evt->time, evt->flickXVel, evt->flickYVel);
      |                              ~~~~~~~~~~~~~~~~~^~~~~~~~~~~~~~~~~~~~~~~~~~~~~~~~~~~~~~~~~~~~~~~~~~~~~~~~~~~~~~~~~~~~~~~~~~~~~~~~~~~~~~~~~~~~~~~~~~~~~~~~~~~~~~~~~~~~~~~~~~~~~~~~~~~~~~~~~~~~~~~~~~~~~~~~~~~~~~~~~~~~~~~~~~~~~~~~~~~~~~~~~~~~~~~~~~~~
/usr/include/x86_64-linux-gnu/qt5/QtCore/qstring.h:390:14: note: declared here
  390 |     QString &sprintf(const char *format, ...) Q_ATTRIBUTE_FORMAT_PRINTF(2, 3);
      |              ^~~~~~~
g++ -c -pipe -fno-rtti -fno-exceptions -fvisibility=hidden -fvisibility-inlines-hidden -Wall -fpermissive -DFIX_FOR_QT -g -pthread -pthread -D_REENTRANT -Wall -Wextra -Wno-unused-parameter -Wno-unused-variable -Wno-reorder -Wno-missing-field-initializers -Wno-extra -fPIC -DQT_WEBOS -DSHIPPING_VERSION=0 -DTARGET_DESKTOP -DHAVE_OPENGL -DP_BACKEND=P_BACKEND_SOFT -DQT_NO_KEYWORDS -DQT_QUICK_LIB -DQT_WEBKITWIDGETS_LIB -DQT_WEBKIT_LIB -DQT_OPENGL_LIB -DQT_WIDGETS_LIB -DQT_GUI_LIB -DQT_QMLMODELS_LIB -DQT_QML_LIB -DQT_NETWORK_LIB -DQT_CORE_LIB -I. -ISrc -ISrc/base -ISrc/base/application -I./Src/base/hosts -I./Src/base/gesture -ISrc/base/windowdata -ISrc/base/settings -ISrc/core -I./Src/sound -ISrc/webbase -ISrc/lunaui -ISrc/lunaui/cards -ISrc/lunaui/notifications -I./Src/lunaui/emergency -ISrc/lunaui/dock -ISrc/minimalui -I./Src/lunaui/status-bar -I../../build-modern/staging/include -I/home/gcarrillo/repos/personal/webos-ce-mono/build-modern/staging/include/Qt -I/home/gcarrillo/repos/personal/webos-ce-mono/build-modern/staging/include/QtCore -I/home/gcarrillo/repos/personal/webos-ce-mono/build-modern/staging/include/QtGui -I/home/gcarrillo/repos/personal/webos-ce-mono/build-modern/staging/include/QtNetwork -I/home/gcarrillo/repos/personal/webos-ce-mono/build-modern/staging/include/QtOpenGL -I/home/gcarrillo/repos/personal/webos-ce-mono/build-modern/staging/include/QtSql -I/home/gcarrillo/repos/personal/webos-ce-mono/build-modern/staging/include/QtDeclarative -I/home/gcarrillo/repos/personal/webos-ce-mono/build-modern/staging/include/sysmgr-ipc -I../../build-modern/staging/include/ime -I../../build-modern/staging/include/luna-sysmgr-common -I../../build-modern/staging/usr/include -I/home/gcarrillo/repos/personal/webos-ce-mono/build-modern/staging/include/QtWebKitWidgets -I../../build-modern/staging/include -I../../build-modern/staging/usr/include -I../../build-modern/staging/usr/include/sysmgr-ipc -I../../build-modern/staging/include/luna-sysmgr-common -I../../build-modern/staging/include/luna-service2 -I../../build-modern/staging/include/ime -I/home/gcarrillo/repos/personal/webos-ce-mono/build-modern/staging/include/webkit/npapi -I/usr/include/glib-2.0 -I/usr/lib/x86_64-linux-gnu/glib-2.0/include -I/usr/include/sysprof-6 -I/usr/include/x86_64-linux-gnu/qt5 -I/usr/include/x86_64-linux-gnu/qt5/QtQuick -I../../build-modern/staging/qtwebkit/include -I../../build-modern/staging/qtwebkit/include/QtWebKitWidgets -I../../build-modern/staging/qtwebkit/include/QtWebKit -I/usr/include/x86_64-linux-gnu/qt5/QtOpenGL -I/usr/include/x86_64-linux-gnu/qt5/QtWidgets -I/usr/include/x86_64-linux-gnu/qt5/QtGui -I/usr/include/x86_64-linux-gnu/qt5/QtQmlModels -I/usr/include/x86_64-linux-gnu/qt5/QtQml -I/usr/include/x86_64-linux-gnu/qt5/QtNetwork -I/usr/include/x86_64-linux-gnu/qt5/QtCore -Idebug-x86/.moc -I/usr/lib/x86_64-linux-gnu/qt5/mkspecs/linux-g++ -o debug-x86/.obj/RemoteWindowDataSoftwareQt.o Src/webbase/RemoteWindowDataSoftwareQt.cpp
In file included from Src/webbase/WindowedWebApp.h:29,
                 from Src/lunaui/cards/CardWebApp.h:28,
                 from Src/webbase/RemoteWindowData.h:29,
                 from Src/webbase/RemoteWindowDataSoftwareQt.h:22,
                 from Src/webbase/RemoteWindowDataSoftwareQt.cpp:20:
../../build-modern/staging/include/luna-sysmgr-common/AsyncCaller.h:49:26: warning: ‘GStaticRecMutex’ is deprecated: Use 'GRecMutex' instead [-Wdeprecated-declarations]
   49 |         GStaticRecMutex* m_mutex;
      |                          ^~~~~~~
In file included from /usr/include/glib-2.0/glib.h:115,
                 from ../../build-modern/staging/include/luna-sysmgr-common/sptr.h:37,
                 from Src/lunaui/cards/CardWebApp.h:26:
/usr/include/glib-2.0/glib/deprecated/gthread.h:160:33: note: declared here
  160 | typedef struct _GStaticRecMutex GStaticRecMutex GLIB_DEPRECATED_TYPE_IN_2_32_FOR(GRecMutex);
      |                                 ^~~~~~~~~~~~~~~
In file included from Src/webbase/WindowedWebApp.h:32:
../../build-modern/staging/include/luna-sysmgr-common/Event.h: In static member function ‘static bool Event::isPenEvent(Event*)’:
../../build-modern/staging/include/luna-sysmgr-common/Event.h:65:33: warning: bitwise operation between different enumeration types ‘SysMgrEvent::Type’ and ‘SysMgrEvent::EventMasks’ is deprecated [-Wdeprecated-enum-enum-conversion]
   65 |                 return (e->type & PenMask);
      |                         ~~~~~~~~^~~~~~~~~
../../build-modern/staging/include/luna-sysmgr-common/Event.h: In static member function ‘static bool Event::isKeyEvent(Event*)’:
../../build-modern/staging/include/luna-sysmgr-common/Event.h:69:33: warning: bitwise operation between different enumeration types ‘SysMgrEvent::Type’ and ‘SysMgrEvent::EventMasks’ is deprecated [-Wdeprecated-enum-enum-conversion]
   69 |                 return (e->type & KeyMask);
      |                         ~~~~~~~~^~~~~~~~~
../../build-modern/staging/include/luna-sysmgr-common/Event.h: In static member function ‘static bool Event::isGestureEvent(Event*)’:
../../build-modern/staging/include/luna-sysmgr-common/Event.h:73:33: warning: bitwise operation between different enumeration types ‘SysMgrEvent::Type’ and ‘SysMgrEvent::EventMasks’ is deprecated [-Wdeprecated-enum-enum-conversion]
   73 |                 return (e->type & GestureMask);
      |                         ~~~~~~~~^~~~~~~~~~~~~
../../build-modern/staging/include/luna-sysmgr-common/Event.h: In static member function ‘static bool Event::isPenOffEvent(Event*)’:
../../build-modern/staging/include/luna-sysmgr-common/Event.h:77:34: warning: bitwise operation between different enumeration types ‘SysMgrEvent::Type’ and ‘SysMgrEvent::EventMasks’ is deprecated [-Wdeprecated-enum-enum-conversion]
   77 |                 return ((e->type & PenMask) &&
      |                          ~~~~~~~~^~~~~~~~~
In file included from ../../build-modern/staging/include/luna-sysmgr-common/TaskBase.h:33,
                 from Src/core/SyncTask.h:27,
                 from Src/webbase/WebAppManager.h:34,
                 from Src/webbase/RemoteWindowDataSoftwareQt.cpp:21:
../../build-modern/staging/include/luna-sysmgr-common/Mutex.h: At global scope:
../../build-modern/staging/include/luna-sysmgr-common/Mutex.h:43:26: warning: ‘GStaticRecMutex’ is deprecated: Use 'GRecMutex' instead [-Wdeprecated-declarations]
   43 |         GStaticRecMutex* m_mutex;
      |                          ^~~~~~~
/usr/include/glib-2.0/glib/deprecated/gthread.h:160:33: note: declared here
  160 | typedef struct _GStaticRecMutex GStaticRecMutex GLIB_DEPRECATED_TYPE_IN_2_32_FOR(GRecMutex);
      |                                 ^~~~~~~~~~~~~~~
g++ -c -pipe -fno-rtti -fno-exceptions -fvisibility=hidden -fvisibility-inlines-hidden -Wall -fpermissive -DFIX_FOR_QT -g -pthread -pthread -D_REENTRANT -Wall -Wextra -Wno-unused-parameter -Wno-unused-variable -Wno-reorder -Wno-missing-field-initializers -Wno-extra -fPIC -DQT_WEBOS -DSHIPPING_VERSION=0 -DTARGET_DESKTOP -DHAVE_OPENGL -DP_BACKEND=P_BACKEND_SOFT -DQT_NO_KEYWORDS -DQT_QUICK_LIB -DQT_WEBKITWIDGETS_LIB -DQT_WEBKIT_LIB -DQT_OPENGL_LIB -DQT_WIDGETS_LIB -DQT_GUI_LIB -DQT_QMLMODELS_LIB -DQT_QML_LIB -DQT_NETWORK_LIB -DQT_CORE_LIB -I. -ISrc -ISrc/base -ISrc/base/application -I./Src/base/hosts -I./Src/base/gesture -ISrc/base/windowdata -ISrc/base/settings -ISrc/core -I./Src/sound -ISrc/webbase -ISrc/lunaui -ISrc/lunaui/cards -ISrc/lunaui/notifications -I./Src/lunaui/emergency -ISrc/lunaui/dock -ISrc/minimalui -I./Src/lunaui/status-bar -I../../build-modern/staging/include -I/home/gcarrillo/repos/personal/webos-ce-mono/build-modern/staging/include/Qt -I/home/gcarrillo/repos/personal/webos-ce-mono/build-modern/staging/include/QtCore -I/home/gcarrillo/repos/personal/webos-ce-mono/build-modern/staging/include/QtGui -I/home/gcarrillo/repos/personal/webos-ce-mono/build-modern/staging/include/QtNetwork -I/home/gcarrillo/repos/personal/webos-ce-mono/build-modern/staging/include/QtOpenGL -I/home/gcarrillo/repos/personal/webos-ce-mono/build-modern/staging/include/QtSql -I/home/gcarrillo/repos/personal/webos-ce-mono/build-modern/staging/include/QtDeclarative -I/home/gcarrillo/repos/personal/webos-ce-mono/build-modern/staging/include/sysmgr-ipc -I../../build-modern/staging/include/ime -I../../build-modern/staging/include/luna-sysmgr-common -I../../build-modern/staging/usr/include -I/home/gcarrillo/repos/personal/webos-ce-mono/build-modern/staging/include/QtWebKitWidgets -I../../build-modern/staging/include -I../../build-modern/staging/usr/include -I../../build-modern/staging/usr/include/sysmgr-ipc -I../../build-modern/staging/include/luna-sysmgr-common -I../../build-modern/staging/include/luna-service2 -I../../build-modern/staging/include/ime -I/home/gcarrillo/repos/personal/webos-ce-mono/build-modern/staging/include/webkit/npapi -I/usr/include/glib-2.0 -I/usr/lib/x86_64-linux-gnu/glib-2.0/include -I/usr/include/sysprof-6 -I/usr/include/x86_64-linux-gnu/qt5 -I/usr/include/x86_64-linux-gnu/qt5/QtQuick -I../../build-modern/staging/qtwebkit/include -I../../build-modern/staging/qtwebkit/include/QtWebKitWidgets -I../../build-modern/staging/qtwebkit/include/QtWebKit -I/usr/include/x86_64-linux-gnu/qt5/QtOpenGL -I/usr/include/x86_64-linux-gnu/qt5/QtWidgets -I/usr/include/x86_64-linux-gnu/qt5/QtGui -I/usr/include/x86_64-linux-gnu/qt5/QtQmlModels -I/usr/include/x86_64-linux-gnu/qt5/QtQml -I/usr/include/x86_64-linux-gnu/qt5/QtNetwork -I/usr/include/x86_64-linux-gnu/qt5/QtCore -Idebug-x86/.moc -I/usr/lib/x86_64-linux-gnu/qt5/mkspecs/linux-g++ -o debug-x86/.obj/RemoteWindowDataOpenGLQt.o Src/webbase/RemoteWindowDataOpenGLQt.cpp
In file included from Src/webbase/WindowedWebApp.h:29,
                 from Src/lunaui/cards/CardWebApp.h:28,
                 from Src/webbase/RemoteWindowData.h:29,
                 from Src/webbase/RemoteWindowDataOpenGLQt.h:23,
                 from Src/webbase/RemoteWindowDataOpenGLQt.cpp:20:
../../build-modern/staging/include/luna-sysmgr-common/AsyncCaller.h:49:26: warning: ‘GStaticRecMutex’ is deprecated: Use 'GRecMutex' instead [-Wdeprecated-declarations]
   49 |         GStaticRecMutex* m_mutex;
      |                          ^~~~~~~
In file included from /usr/include/glib-2.0/glib.h:115,
                 from ../../build-modern/staging/include/luna-sysmgr-common/sptr.h:37,
                 from Src/lunaui/cards/CardWebApp.h:26:
/usr/include/glib-2.0/glib/deprecated/gthread.h:160:33: note: declared here
  160 | typedef struct _GStaticRecMutex GStaticRecMutex GLIB_DEPRECATED_TYPE_IN_2_32_FOR(GRecMutex);
      |                                 ^~~~~~~~~~~~~~~
In file included from Src/webbase/WindowedWebApp.h:32:
../../build-modern/staging/include/luna-sysmgr-common/Event.h: In static member function ‘static bool Event::isPenEvent(Event*)’:
../../build-modern/staging/include/luna-sysmgr-common/Event.h:65:33: warning: bitwise operation between different enumeration types ‘SysMgrEvent::Type’ and ‘SysMgrEvent::EventMasks’ is deprecated [-Wdeprecated-enum-enum-conversion]
   65 |                 return (e->type & PenMask);
      |                         ~~~~~~~~^~~~~~~~~
../../build-modern/staging/include/luna-sysmgr-common/Event.h: In static member function ‘static bool Event::isKeyEvent(Event*)’:
../../build-modern/staging/include/luna-sysmgr-common/Event.h:69:33: warning: bitwise operation between different enumeration types ‘SysMgrEvent::Type’ and ‘SysMgrEvent::EventMasks’ is deprecated [-Wdeprecated-enum-enum-conversion]
   69 |                 return (e->type & KeyMask);
      |                         ~~~~~~~~^~~~~~~~~
../../build-modern/staging/include/luna-sysmgr-common/Event.h: In static member function ‘static bool Event::isGestureEvent(Event*)’:
../../build-modern/staging/include/luna-sysmgr-common/Event.h:73:33: warning: bitwise operation between different enumeration types ‘SysMgrEvent::Type’ and ‘SysMgrEvent::EventMasks’ is deprecated [-Wdeprecated-enum-enum-conversion]
   73 |                 return (e->type & GestureMask);
      |                         ~~~~~~~~^~~~~~~~~~~~~
../../build-modern/staging/include/luna-sysmgr-common/Event.h: In static member function ‘static bool Event::isPenOffEvent(Event*)’:
../../build-modern/staging/include/luna-sysmgr-common/Event.h:77:34: warning: bitwise operation between different enumeration types ‘SysMgrEvent::Type’ and ‘SysMgrEvent::EventMasks’ is deprecated [-Wdeprecated-enum-enum-conversion]
   77 |                 return ((e->type & PenMask) &&
      |                          ~~~~~~~~^~~~~~~~~
In file included from ../../build-modern/staging/include/luna-sysmgr-common/TaskBase.h:33,
                 from Src/core/SyncTask.h:27,
                 from Src/webbase/WebAppManager.h:34,
                 from Src/webbase/RemoteWindowDataOpenGLQt.cpp:30:
../../build-modern/staging/include/luna-sysmgr-common/Mutex.h: At global scope:
../../build-modern/staging/include/luna-sysmgr-common/Mutex.h:43:26: warning: ‘GStaticRecMutex’ is deprecated: Use 'GRecMutex' instead [-Wdeprecated-declarations]
   43 |         GStaticRecMutex* m_mutex;
      |                          ^~~~~~~
/usr/include/glib-2.0/glib/deprecated/gthread.h:160:33: note: declared here
  160 | typedef struct _GStaticRecMutex GStaticRecMutex GLIB_DEPRECATED_TYPE_IN_2_32_FOR(GRecMutex);
      |                                 ^~~~~~~~~~~~~~~
g++ -pipe -fno-rtti -fno-exceptions -fvisibility=hidden -fvisibility-inlines-hidden -Wall -fpermissive -DFIX_FOR_QT -g -pthread -pthread -dM -E -o debug-x86/.moc/moc_predefs.h /usr/lib/x86_64-linux-gnu/qt5/mkspecs/features/data/dummy.cpp
/usr/lib/qt5/bin/moc -DQT_WEBOS -DSHIPPING_VERSION=0 -DTARGET_DESKTOP -DHAVE_OPENGL -DP_BACKEND=P_BACKEND_SOFT -DQT_NO_KEYWORDS -DQT_QUICK_LIB -DQT_WEBKITWIDGETS_LIB -DQT_WEBKIT_LIB -DQT_OPENGL_LIB -DQT_WIDGETS_LIB -DQT_GUI_LIB -DQT_QMLMODELS_LIB -DQT_QML_LIB -DQT_NETWORK_LIB -DQT_CORE_LIB --include /home/gcarrillo/repos/personal/webos-ce-mono/components/webappmanager/debug-x86/.moc/moc_predefs.h -I/usr/lib/x86_64-linux-gnu/qt5/mkspecs/linux-g++ -I/home/gcarrillo/repos/personal/webos-ce-mono/components/webappmanager -I/home/gcarrillo/repos/personal/webos-ce-mono/components/webappmanager/Src -I/home/gcarrillo/repos/personal/webos-ce-mono/components/webappmanager/Src/base -I/home/gcarrillo/repos/personal/webos-ce-mono/components/webappmanager/Src/base/application -I/home/gcarrillo/repos/personal/webos-ce-mono/components/webappmanager/Src/base/hosts -I/home/gcarrillo/repos/personal/webos-ce-mono/components/webappmanager/Src/base/gesture -I/home/gcarrillo/repos/personal/webos-ce-mono/components/webappmanager/Src/base/windowdata -I/home/gcarrillo/repos/personal/webos-ce-mono/components/webappmanager/Src/base/settings -I/home/gcarrillo/repos/personal/webos-ce-mono/components/webappmanager/Src/core -I/home/gcarrillo/repos/personal/webos-ce-mono/components/webappmanager/Src/sound -I/home/gcarrillo/repos/personal/webos-ce-mono/components/webappmanager/Src/webbase -I/home/gcarrillo/repos/personal/webos-ce-mono/components/webappmanager/Src/lunaui -I/home/gcarrillo/repos/personal/webos-ce-mono/components/webappmanager/Src/lunaui/cards -I/home/gcarrillo/repos/personal/webos-ce-mono/components/webappmanager/Src/lunaui/notifications -I/home/gcarrillo/repos/personal/webos-ce-mono/components/webappmanager/Src/lunaui/emergency -I/home/gcarrillo/repos/personal/webos-ce-mono/components/webappmanager/Src/lunaui/dock -I/home/gcarrillo/repos/personal/webos-ce-mono/components/webappmanager/Src/minimalui -I/home/gcarrillo/repos/personal/webos-ce-mono/components/webappmanager/Src/lunaui/status-bar -I/home/gcarrillo/repos/personal/webos-ce-mono/build-modern/staging/include -I/home/gcarrillo/repos/personal/webos-ce-mono/build-modern/staging/include/Qt -I/home/gcarrillo/repos/personal/webos-ce-mono/build-modern/staging/include/QtCore -I/home/gcarrillo/repos/personal/webos-ce-mono/build-modern/staging/include/QtGui -I/home/gcarrillo/repos/personal/webos-ce-mono/build-modern/staging/include/QtNetwork -I/home/gcarrillo/repos/personal/webos-ce-mono/build-modern/staging/include/QtOpenGL -I/home/gcarrillo/repos/personal/webos-ce-mono/build-modern/staging/include/QtSql -I/home/gcarrillo/repos/personal/webos-ce-mono/build-modern/staging/include/QtDeclarative -I/home/gcarrillo/repos/personal/webos-ce-mono/build-modern/staging/include/sysmgr-ipc -I/home/gcarrillo/repos/personal/webos-ce-mono/build-modern/staging/include/ime -I/home/gcarrillo/repos/personal/webos-ce-mono/build-modern/staging/include/luna-sysmgr-common -I/home/gcarrillo/repos/personal/webos-ce-mono/build-modern/staging/usr/include -I/home/gcarrillo/repos/personal/webos-ce-mono/build-modern/staging/include/QtWebKitWidgets -I/home/gcarrillo/repos/personal/webos-ce-mono/build-modern/staging/include -I/home/gcarrillo/repos/personal/webos-ce-mono/build-modern/staging/usr/include -I/home/gcarrillo/repos/personal/webos-ce-mono/build-modern/staging/usr/include/sysmgr-ipc -I/home/gcarrillo/repos/personal/webos-ce-mono/build-modern/staging/include/luna-sysmgr-common -I/home/gcarrillo/repos/personal/webos-ce-mono/build-modern/staging/include/luna-service2 -I/home/gcarrillo/repos/personal/webos-ce-mono/build-modern/staging/include/ime -I/home/gcarrillo/repos/personal/webos-ce-mono/build-modern/staging/include/webkit/npapi -I/usr/include/glib-2.0 -I/usr/lib/x86_64-linux-gnu/glib-2.0/include -I/usr/include/sysprof-6 -I/usr/include/x86_64-linux-gnu/qt5 -I/usr/include/x86_64-linux-gnu/qt5/QtQuick -I/home/gcarrillo/repos/personal/webos-ce-mono/build-modern/staging/qtwebkit/include -I/home/gcarrillo/repos/personal/webos-ce-mono/build-modern/staging/qtwebkit/include/QtWebKitWidgets -I/home/gcarrillo/repos/personal/webos-ce-mono/build-modern/staging/qtwebkit/include/QtWebKit -I/usr/include/x86_64-linux-gnu/qt5/QtOpenGL -I/usr/include/x86_64-linux-gnu/qt5/QtWidgets -I/usr/include/x86_64-linux-gnu/qt5/QtGui -I/usr/include/x86_64-linux-gnu/qt5/QtQmlModels -I/usr/include/x86_64-linux-gnu/qt5/QtQml -I/usr/include/x86_64-linux-gnu/qt5/QtNetwork -I/usr/include/x86_64-linux-gnu/qt5/QtCore -I/usr/include/c++/16 -I/usr/include/x86_64-linux-gnu/c++/16 -I/usr/include/c++/16/backward -I/usr/lib/gcc/x86_64-linux-gnu/16/include -I/usr/local/include -I/usr/include/x86_64-linux-gnu -I/usr/include Src/webbase/PalmSystem.h -o debug-x86/.moc/moc_PalmSystem.cpp
g++ -c -pipe -fno-rtti -fno-exceptions -fvisibility=hidden -fvisibility-inlines-hidden -Wall -fpermissive -DFIX_FOR_QT -g -pthread -pthread -D_REENTRANT -Wall -Wextra -Wno-unused-parameter -Wno-unused-variable -Wno-reorder -Wno-missing-field-initializers -Wno-extra -fPIC -DQT_WEBOS -DSHIPPING_VERSION=0 -DTARGET_DESKTOP -DHAVE_OPENGL -DP_BACKEND=P_BACKEND_SOFT -DQT_NO_KEYWORDS -DQT_QUICK_LIB -DQT_WEBKITWIDGETS_LIB -DQT_WEBKIT_LIB -DQT_OPENGL_LIB -DQT_WIDGETS_LIB -DQT_GUI_LIB -DQT_QMLMODELS_LIB -DQT_QML_LIB -DQT_NETWORK_LIB -DQT_CORE_LIB -I. -ISrc -ISrc/base -ISrc/base/application -I./Src/base/hosts -I./Src/base/gesture -ISrc/base/windowdata -ISrc/base/settings -ISrc/core -I./Src/sound -ISrc/webbase -ISrc/lunaui -ISrc/lunaui/cards -ISrc/lunaui/notifications -I./Src/lunaui/emergency -ISrc/lunaui/dock -ISrc/minimalui -I./Src/lunaui/status-bar -I../../build-modern/staging/include -I/home/gcarrillo/repos/personal/webos-ce-mono/build-modern/staging/include/Qt -I/home/gcarrillo/repos/personal/webos-ce-mono/build-modern/staging/include/QtCore -I/home/gcarrillo/repos/personal/webos-ce-mono/build-modern/staging/include/QtGui -I/home/gcarrillo/repos/personal/webos-ce-mono/build-modern/staging/include/QtNetwork -I/home/gcarrillo/repos/personal/webos-ce-mono/build-modern/staging/include/QtOpenGL -I/home/gcarrillo/repos/personal/webos-ce-mono/build-modern/staging/include/QtSql -I/home/gcarrillo/repos/personal/webos-ce-mono/build-modern/staging/include/QtDeclarative -I/home/gcarrillo/repos/personal/webos-ce-mono/build-modern/staging/include/sysmgr-ipc -I../../build-modern/staging/include/ime -I../../build-modern/staging/include/luna-sysmgr-common -I../../build-modern/staging/usr/include -I/home/gcarrillo/repos/personal/webos-ce-mono/build-modern/staging/include/QtWebKitWidgets -I../../build-modern/staging/include -I../../build-modern/staging/usr/include -I../../build-modern/staging/usr/include/sysmgr-ipc -I../../build-modern/staging/include/luna-sysmgr-common -I../../build-modern/staging/include/luna-service2 -I../../build-modern/staging/include/ime -I/home/gcarrillo/repos/personal/webos-ce-mono/build-modern/staging/include/webkit/npapi -I/usr/include/glib-2.0 -I/usr/lib/x86_64-linux-gnu/glib-2.0/include -I/usr/include/sysprof-6 -I/usr/include/x86_64-linux-gnu/qt5 -I/usr/include/x86_64-linux-gnu/qt5/QtQuick -I../../build-modern/staging/qtwebkit/include -I../../build-modern/staging/qtwebkit/include/QtWebKitWidgets -I../../build-modern/staging/qtwebkit/include/QtWebKit -I/usr/include/x86_64-linux-gnu/qt5/QtOpenGL -I/usr/include/x86_64-linux-gnu/qt5/QtWidgets -I/usr/include/x86_64-linux-gnu/qt5/QtGui -I/usr/include/x86_64-linux-gnu/qt5/QtQmlModels -I/usr/include/x86_64-linux-gnu/qt5/QtQml -I/usr/include/x86_64-linux-gnu/qt5/QtNetwork -I/usr/include/x86_64-linux-gnu/qt5/QtCore -Idebug-x86/.moc -I/usr/lib/x86_64-linux-gnu/qt5/mkspecs/linux-g++ -o debug-x86/.obj/moc_PalmSystem.o debug-x86/.moc/moc_PalmSystem.cpp
In file included from debug-x86/.moc/../../Src/webbase/PalmSystem.h:9,
                 from debug-x86/.moc/moc_PalmSystem.cpp:10:
../../build-modern/staging/include/luna-sysmgr-common/Event.h: In static member function ‘static bool Event::isPenEvent(Event*)’:
../../build-modern/staging/include/luna-sysmgr-common/Event.h:65:33: warning: bitwise operation between different enumeration types ‘SysMgrEvent::Type’ and ‘SysMgrEvent::EventMasks’ is deprecated [-Wdeprecated-enum-enum-conversion]
   65 |                 return (e->type & PenMask);
      |                         ~~~~~~~~^~~~~~~~~
../../build-modern/staging/include/luna-sysmgr-common/Event.h: In static member function ‘static bool Event::isKeyEvent(Event*)’:
../../build-modern/staging/include/luna-sysmgr-common/Event.h:69:33: warning: bitwise operation between different enumeration types ‘SysMgrEvent::Type’ and ‘SysMgrEvent::EventMasks’ is deprecated [-Wdeprecated-enum-enum-conversion]
   69 |                 return (e->type & KeyMask);
      |                         ~~~~~~~~^~~~~~~~~
../../build-modern/staging/include/luna-sysmgr-common/Event.h: In static member function ‘static bool Event::isGestureEvent(Event*)’:
../../build-modern/staging/include/luna-sysmgr-common/Event.h:73:33: warning: bitwise operation between different enumeration types ‘SysMgrEvent::Type’ and ‘SysMgrEvent::EventMasks’ is deprecated [-Wdeprecated-enum-enum-conversion]
   73 |                 return (e->type & GestureMask);
      |                         ~~~~~~~~^~~~~~~~~~~~~
../../build-modern/staging/include/luna-sysmgr-common/Event.h: In static member function ‘static bool Event::isPenOffEvent(Event*)’:
../../build-modern/staging/include/luna-sysmgr-common/Event.h:77:34: warning: bitwise operation between different enumeration types ‘SysMgrEvent::Type’ and ‘SysMgrEvent::EventMasks’ is deprecated [-Wdeprecated-enum-enum-conversion]
   77 |                 return ((e->type & PenMask) &&
      |                          ~~~~~~~~^~~~~~~~~
/usr/lib/qt5/bin/moc -DQT_WEBOS -DSHIPPING_VERSION=0 -DTARGET_DESKTOP -DHAVE_OPENGL -DP_BACKEND=P_BACKEND_SOFT -DQT_NO_KEYWORDS -DQT_QUICK_LIB -DQT_WEBKITWIDGETS_LIB -DQT_WEBKIT_LIB -DQT_OPENGL_LIB -DQT_WIDGETS_LIB -DQT_GUI_LIB -DQT_QMLMODELS_LIB -DQT_QML_LIB -DQT_NETWORK_LIB -DQT_CORE_LIB --include /home/gcarrillo/repos/personal/webos-ce-mono/components/webappmanager/debug-x86/.moc/moc_predefs.h -I/usr/lib/x86_64-linux-gnu/qt5/mkspecs/linux-g++ -I/home/gcarrillo/repos/personal/webos-ce-mono/components/webappmanager -I/home/gcarrillo/repos/personal/webos-ce-mono/components/webappmanager/Src -I/home/gcarrillo/repos/personal/webos-ce-mono/components/webappmanager/Src/base -I/home/gcarrillo/repos/personal/webos-ce-mono/components/webappmanager/Src/base/application -I/home/gcarrillo/repos/personal/webos-ce-mono/components/webappmanager/Src/base/hosts -I/home/gcarrillo/repos/personal/webos-ce-mono/components/webappmanager/Src/base/gesture -I/home/gcarrillo/repos/personal/webos-ce-mono/components/webappmanager/Src/base/windowdata -I/home/gcarrillo/repos/personal/webos-ce-mono/components/webappmanager/Src/base/settings -I/home/gcarrillo/repos/personal/webos-ce-mono/components/webappmanager/Src/core -I/home/gcarrillo/repos/personal/webos-ce-mono/components/webappmanager/Src/sound -I/home/gcarrillo/repos/personal/webos-ce-mono/components/webappmanager/Src/webbase -I/home/gcarrillo/repos/personal/webos-ce-mono/components/webappmanager/Src/lunaui -I/home/gcarrillo/repos/personal/webos-ce-mono/components/webappmanager/Src/lunaui/cards -I/home/gcarrillo/repos/personal/webos-ce-mono/components/webappmanager/Src/lunaui/notifications -I/home/gcarrillo/repos/personal/webos-ce-mono/components/webappmanager/Src/lunaui/emergency -I/home/gcarrillo/repos/personal/webos-ce-mono/components/webappmanager/Src/lunaui/dock -I/home/gcarrillo/repos/personal/webos-ce-mono/components/webappmanager/Src/minimalui -I/home/gcarrillo/repos/personal/webos-ce-mono/components/webappmanager/Src/lunaui/status-bar -I/home/gcarrillo/repos/personal/webos-ce-mono/build-modern/staging/include -I/home/gcarrillo/repos/personal/webos-ce-mono/build-modern/staging/include/Qt -I/home/gcarrillo/repos/personal/webos-ce-mono/build-modern/staging/include/QtCore -I/home/gcarrillo/repos/personal/webos-ce-mono/build-modern/staging/include/QtGui -I/home/gcarrillo/repos/personal/webos-ce-mono/build-modern/staging/include/QtNetwork -I/home/gcarrillo/repos/personal/webos-ce-mono/build-modern/staging/include/QtOpenGL -I/home/gcarrillo/repos/personal/webos-ce-mono/build-modern/staging/include/QtSql -I/home/gcarrillo/repos/personal/webos-ce-mono/build-modern/staging/include/QtDeclarative -I/home/gcarrillo/repos/personal/webos-ce-mono/build-modern/staging/include/sysmgr-ipc -I/home/gcarrillo/repos/personal/webos-ce-mono/build-modern/staging/include/ime -I/home/gcarrillo/repos/personal/webos-ce-mono/build-modern/staging/include/luna-sysmgr-common -I/home/gcarrillo/repos/personal/webos-ce-mono/build-modern/staging/usr/include -I/home/gcarrillo/repos/personal/webos-ce-mono/build-modern/staging/include/QtWebKitWidgets -I/home/gcarrillo/repos/personal/webos-ce-mono/build-modern/staging/include -I/home/gcarrillo/repos/personal/webos-ce-mono/build-modern/staging/usr/include -I/home/gcarrillo/repos/personal/webos-ce-mono/build-modern/staging/usr/include/sysmgr-ipc -I/home/gcarrillo/repos/personal/webos-ce-mono/build-modern/staging/include/luna-sysmgr-common -I/home/gcarrillo/repos/personal/webos-ce-mono/build-modern/staging/include/luna-service2 -I/home/gcarrillo/repos/personal/webos-ce-mono/build-modern/staging/include/ime -I/home/gcarrillo/repos/personal/webos-ce-mono/build-modern/staging/include/webkit/npapi -I/usr/include/glib-2.0 -I/usr/lib/x86_64-linux-gnu/glib-2.0/include -I/usr/include/sysprof-6 -I/usr/include/x86_64-linux-gnu/qt5 -I/usr/include/x86_64-linux-gnu/qt5/QtQuick -I/home/gcarrillo/repos/personal/webos-ce-mono/build-modern/staging/qtwebkit/include -I/home/gcarrillo/repos/personal/webos-ce-mono/build-modern/staging/qtwebkit/include/QtWebKitWidgets -I/home/gcarrillo/repos/personal/webos-ce-mono/build-modern/staging/qtwebkit/include/QtWebKit -I/usr/include/x86_64-linux-gnu/qt5/QtOpenGL -I/usr/include/x86_64-linux-gnu/qt5/QtWidgets -I/usr/include/x86_64-linux-gnu/qt5/QtGui -I/usr/include/x86_64-linux-gnu/qt5/QtQmlModels -I/usr/include/x86_64-linux-gnu/qt5/QtQml -I/usr/include/x86_64-linux-gnu/qt5/QtNetwork -I/usr/include/x86_64-linux-gnu/qt5/QtCore -I/usr/include/c++/16 -I/usr/include/x86_64-linux-gnu/c++/16 -I/usr/include/c++/16/backward -I/usr/lib/gcc/x86_64-linux-gnu/16/include -I/usr/local/include -I/usr/include/x86_64-linux-gnu -I/usr/include Src/webbase/SysMgrWebBridge.h -o debug-x86/.moc/moc_SysMgrWebBridge.cpp
g++ -c -pipe -fno-rtti -fno-exceptions -fvisibility=hidden -fvisibility-inlines-hidden -Wall -fpermissive -DFIX_FOR_QT -g -pthread -pthread -D_REENTRANT -Wall -Wextra -Wno-unused-parameter -Wno-unused-variable -Wno-reorder -Wno-missing-field-initializers -Wno-extra -fPIC -DQT_WEBOS -DSHIPPING_VERSION=0 -DTARGET_DESKTOP -DHAVE_OPENGL -DP_BACKEND=P_BACKEND_SOFT -DQT_NO_KEYWORDS -DQT_QUICK_LIB -DQT_WEBKITWIDGETS_LIB -DQT_WEBKIT_LIB -DQT_OPENGL_LIB -DQT_WIDGETS_LIB -DQT_GUI_LIB -DQT_QMLMODELS_LIB -DQT_QML_LIB -DQT_NETWORK_LIB -DQT_CORE_LIB -I. -ISrc -ISrc/base -ISrc/base/application -I./Src/base/hosts -I./Src/base/gesture -ISrc/base/windowdata -ISrc/base/settings -ISrc/core -I./Src/sound -ISrc/webbase -ISrc/lunaui -ISrc/lunaui/cards -ISrc/lunaui/notifications -I./Src/lunaui/emergency -ISrc/lunaui/dock -ISrc/minimalui -I./Src/lunaui/status-bar -I../../build-modern/staging/include -I/home/gcarrillo/repos/personal/webos-ce-mono/build-modern/staging/include/Qt -I/home/gcarrillo/repos/personal/webos-ce-mono/build-modern/staging/include/QtCore -I/home/gcarrillo/repos/personal/webos-ce-mono/build-modern/staging/include/QtGui -I/home/gcarrillo/repos/personal/webos-ce-mono/build-modern/staging/include/QtNetwork -I/home/gcarrillo/repos/personal/webos-ce-mono/build-modern/staging/include/QtOpenGL -I/home/gcarrillo/repos/personal/webos-ce-mono/build-modern/staging/include/QtSql -I/home/gcarrillo/repos/personal/webos-ce-mono/build-modern/staging/include/QtDeclarative -I/home/gcarrillo/repos/personal/webos-ce-mono/build-modern/staging/include/sysmgr-ipc -I../../build-modern/staging/include/ime -I../../build-modern/staging/include/luna-sysmgr-common -I../../build-modern/staging/usr/include -I/home/gcarrillo/repos/personal/webos-ce-mono/build-modern/staging/include/QtWebKitWidgets -I../../build-modern/staging/include -I../../build-modern/staging/usr/include -I../../build-modern/staging/usr/include/sysmgr-ipc -I../../build-modern/staging/include/luna-sysmgr-common -I../../build-modern/staging/include/luna-service2 -I../../build-modern/staging/include/ime -I/home/gcarrillo/repos/personal/webos-ce-mono/build-modern/staging/include/webkit/npapi -I/usr/include/glib-2.0 -I/usr/lib/x86_64-linux-gnu/glib-2.0/include -I/usr/include/sysprof-6 -I/usr/include/x86_64-linux-gnu/qt5 -I/usr/include/x86_64-linux-gnu/qt5/QtQuick -I../../build-modern/staging/qtwebkit/include -I../../build-modern/staging/qtwebkit/include/QtWebKitWidgets -I../../build-modern/staging/qtwebkit/include/QtWebKit -I/usr/include/x86_64-linux-gnu/qt5/QtOpenGL -I/usr/include/x86_64-linux-gnu/qt5/QtWidgets -I/usr/include/x86_64-linux-gnu/qt5/QtGui -I/usr/include/x86_64-linux-gnu/qt5/QtQmlModels -I/usr/include/x86_64-linux-gnu/qt5/QtQml -I/usr/include/x86_64-linux-gnu/qt5/QtNetwork -I/usr/include/x86_64-linux-gnu/qt5/QtCore -Idebug-x86/.moc -I/usr/lib/x86_64-linux-gnu/qt5/mkspecs/linux-g++ -o debug-x86/.obj/moc_SysMgrWebBridge.o debug-x86/.moc/moc_SysMgrWebBridge.cpp
/usr/lib/qt5/bin/moc -DQT_WEBOS -DSHIPPING_VERSION=0 -DTARGET_DESKTOP -DHAVE_OPENGL -DP_BACKEND=P_BACKEND_SOFT -DQT_NO_KEYWORDS -DQT_QUICK_LIB -DQT_WEBKITWIDGETS_LIB -DQT_WEBKIT_LIB -DQT_OPENGL_LIB -DQT_WIDGETS_LIB -DQT_GUI_LIB -DQT_QMLMODELS_LIB -DQT_QML_LIB -DQT_NETWORK_LIB -DQT_CORE_LIB --include /home/gcarrillo/repos/personal/webos-ce-mono/components/webappmanager/debug-x86/.moc/moc_predefs.h -I/usr/lib/x86_64-linux-gnu/qt5/mkspecs/linux-g++ -I/home/gcarrillo/repos/personal/webos-ce-mono/components/webappmanager -I/home/gcarrillo/repos/personal/webos-ce-mono/components/webappmanager/Src -I/home/gcarrillo/repos/personal/webos-ce-mono/components/webappmanager/Src/base -I/home/gcarrillo/repos/personal/webos-ce-mono/components/webappmanager/Src/base/application -I/home/gcarrillo/repos/personal/webos-ce-mono/components/webappmanager/Src/base/hosts -I/home/gcarrillo/repos/personal/webos-ce-mono/components/webappmanager/Src/base/gesture -I/home/gcarrillo/repos/personal/webos-ce-mono/components/webappmanager/Src/base/windowdata -I/home/gcarrillo/repos/personal/webos-ce-mono/components/webappmanager/Src/base/settings -I/home/gcarrillo/repos/personal/webos-ce-mono/components/webappmanager/Src/core -I/home/gcarrillo/repos/personal/webos-ce-mono/components/webappmanager/Src/sound -I/home/gcarrillo/repos/personal/webos-ce-mono/components/webappmanager/Src/webbase -I/home/gcarrillo/repos/personal/webos-ce-mono/components/webappmanager/Src/lunaui -I/home/gcarrillo/repos/personal/webos-ce-mono/components/webappmanager/Src/lunaui/cards -I/home/gcarrillo/repos/personal/webos-ce-mono/components/webappmanager/Src/lunaui/notifications -I/home/gcarrillo/repos/personal/webos-ce-mono/components/webappmanager/Src/lunaui/emergency -I/home/gcarrillo/repos/personal/webos-ce-mono/components/webappmanager/Src/lunaui/dock -I/home/gcarrillo/repos/personal/webos-ce-mono/components/webappmanager/Src/minimalui -I/home/gcarrillo/repos/personal/webos-ce-mono/components/webappmanager/Src/lunaui/status-bar -I/home/gcarrillo/repos/personal/webos-ce-mono/build-modern/staging/include -I/home/gcarrillo/repos/personal/webos-ce-mono/build-modern/staging/include/Qt -I/home/gcarrillo/repos/personal/webos-ce-mono/build-modern/staging/include/QtCore -I/home/gcarrillo/repos/personal/webos-ce-mono/build-modern/staging/include/QtGui -I/home/gcarrillo/repos/personal/webos-ce-mono/build-modern/staging/include/QtNetwork -I/home/gcarrillo/repos/personal/webos-ce-mono/build-modern/staging/include/QtOpenGL -I/home/gcarrillo/repos/personal/webos-ce-mono/build-modern/staging/include/QtSql -I/home/gcarrillo/repos/personal/webos-ce-mono/build-modern/staging/include/QtDeclarative -I/home/gcarrillo/repos/personal/webos-ce-mono/build-modern/staging/include/sysmgr-ipc -I/home/gcarrillo/repos/personal/webos-ce-mono/build-modern/staging/include/ime -I/home/gcarrillo/repos/personal/webos-ce-mono/build-modern/staging/include/luna-sysmgr-common -I/home/gcarrillo/repos/personal/webos-ce-mono/build-modern/staging/usr/include -I/home/gcarrillo/repos/personal/webos-ce-mono/build-modern/staging/include/QtWebKitWidgets -I/home/gcarrillo/repos/personal/webos-ce-mono/build-modern/staging/include -I/home/gcarrillo/repos/personal/webos-ce-mono/build-modern/staging/usr/include -I/home/gcarrillo/repos/personal/webos-ce-mono/build-modern/staging/usr/include/sysmgr-ipc -I/home/gcarrillo/repos/personal/webos-ce-mono/build-modern/staging/include/luna-sysmgr-common -I/home/gcarrillo/repos/personal/webos-ce-mono/build-modern/staging/include/luna-service2 -I/home/gcarrillo/repos/personal/webos-ce-mono/build-modern/staging/include/ime -I/home/gcarrillo/repos/personal/webos-ce-mono/build-modern/staging/include/webkit/npapi -I/usr/include/glib-2.0 -I/usr/lib/x86_64-linux-gnu/glib-2.0/include -I/usr/include/sysprof-6 -I/usr/include/x86_64-linux-gnu/qt5 -I/usr/include/x86_64-linux-gnu/qt5/QtQuick -I/home/gcarrillo/repos/personal/webos-ce-mono/build-modern/staging/qtwebkit/include -I/home/gcarrillo/repos/personal/webos-ce-mono/build-modern/staging/qtwebkit/include/QtWebKitWidgets -I/home/gcarrillo/repos/personal/webos-ce-mono/build-modern/staging/qtwebkit/include/QtWebKit -I/usr/include/x86_64-linux-gnu/qt5/QtOpenGL -I/usr/include/x86_64-linux-gnu/qt5/QtWidgets -I/usr/include/x86_64-linux-gnu/qt5/QtGui -I/usr/include/x86_64-linux-gnu/qt5/QtQmlModels -I/usr/include/x86_64-linux-gnu/qt5/QtQml -I/usr/include/x86_64-linux-gnu/qt5/QtNetwork -I/usr/include/x86_64-linux-gnu/qt5/QtCore -I/usr/include/c++/16 -I/usr/include/x86_64-linux-gnu/c++/16 -I/usr/include/c++/16/backward -I/usr/lib/gcc/x86_64-linux-gnu/16/include -I/usr/local/include -I/usr/include/x86_64-linux-gnu -I/usr/include Src/webbase/WebAppBase.h -o debug-x86/.moc/moc_WebAppBase.cpp
g++ -c -pipe -fno-rtti -fno-exceptions -fvisibility=hidden -fvisibility-inlines-hidden -Wall -fpermissive -DFIX_FOR_QT -g -pthread -pthread -D_REENTRANT -Wall -Wextra -Wno-unused-parameter -Wno-unused-variable -Wno-reorder -Wno-missing-field-initializers -Wno-extra -fPIC -DQT_WEBOS -DSHIPPING_VERSION=0 -DTARGET_DESKTOP -DHAVE_OPENGL -DP_BACKEND=P_BACKEND_SOFT -DQT_NO_KEYWORDS -DQT_QUICK_LIB -DQT_WEBKITWIDGETS_LIB -DQT_WEBKIT_LIB -DQT_OPENGL_LIB -DQT_WIDGETS_LIB -DQT_GUI_LIB -DQT_QMLMODELS_LIB -DQT_QML_LIB -DQT_NETWORK_LIB -DQT_CORE_LIB -I. -ISrc -ISrc/base -ISrc/base/application -I./Src/base/hosts -I./Src/base/gesture -ISrc/base/windowdata -ISrc/base/settings -ISrc/core -I./Src/sound -ISrc/webbase -ISrc/lunaui -ISrc/lunaui/cards -ISrc/lunaui/notifications -I./Src/lunaui/emergency -ISrc/lunaui/dock -ISrc/minimalui -I./Src/lunaui/status-bar -I../../build-modern/staging/include -I/home/gcarrillo/repos/personal/webos-ce-mono/build-modern/staging/include/Qt -I/home/gcarrillo/repos/personal/webos-ce-mono/build-modern/staging/include/QtCore -I/home/gcarrillo/repos/personal/webos-ce-mono/build-modern/staging/include/QtGui -I/home/gcarrillo/repos/personal/webos-ce-mono/build-modern/staging/include/QtNetwork -I/home/gcarrillo/repos/personal/webos-ce-mono/build-modern/staging/include/QtOpenGL -I/home/gcarrillo/repos/personal/webos-ce-mono/build-modern/staging/include/QtSql -I/home/gcarrillo/repos/personal/webos-ce-mono/build-modern/staging/include/QtDeclarative -I/home/gcarrillo/repos/personal/webos-ce-mono/build-modern/staging/include/sysmgr-ipc -I../../build-modern/staging/include/ime -I../../build-modern/staging/include/luna-sysmgr-common -I../../build-modern/staging/usr/include -I/home/gcarrillo/repos/personal/webos-ce-mono/build-modern/staging/include/QtWebKitWidgets -I../../build-modern/staging/include -I../../build-modern/staging/usr/include -I../../build-modern/staging/usr/include/sysmgr-ipc -I../../build-modern/staging/include/luna-sysmgr-common -I../../build-modern/staging/include/luna-service2 -I../../build-modern/staging/include/ime -I/home/gcarrillo/repos/personal/webos-ce-mono/build-modern/staging/include/webkit/npapi -I/usr/include/glib-2.0 -I/usr/lib/x86_64-linux-gnu/glib-2.0/include -I/usr/include/sysprof-6 -I/usr/include/x86_64-linux-gnu/qt5 -I/usr/include/x86_64-linux-gnu/qt5/QtQuick -I../../build-modern/staging/qtwebkit/include -I../../build-modern/staging/qtwebkit/include/QtWebKitWidgets -I../../build-modern/staging/qtwebkit/include/QtWebKit -I/usr/include/x86_64-linux-gnu/qt5/QtOpenGL -I/usr/include/x86_64-linux-gnu/qt5/QtWidgets -I/usr/include/x86_64-linux-gnu/qt5/QtGui -I/usr/include/x86_64-linux-gnu/qt5/QtQmlModels -I/usr/include/x86_64-linux-gnu/qt5/QtQml -I/usr/include/x86_64-linux-gnu/qt5/QtNetwork -I/usr/include/x86_64-linux-gnu/qt5/QtCore -Idebug-x86/.moc -I/usr/lib/x86_64-linux-gnu/qt5/mkspecs/linux-g++ -o debug-x86/.obj/moc_WebAppBase.o debug-x86/.moc/moc_WebAppBase.cpp
/usr/lib/qt5/bin/moc -DQT_WEBOS -DSHIPPING_VERSION=0 -DTARGET_DESKTOP -DHAVE_OPENGL -DP_BACKEND=P_BACKEND_SOFT -DQT_NO_KEYWORDS -DQT_QUICK_LIB -DQT_WEBKITWIDGETS_LIB -DQT_WEBKIT_LIB -DQT_OPENGL_LIB -DQT_WIDGETS_LIB -DQT_GUI_LIB -DQT_QMLMODELS_LIB -DQT_QML_LIB -DQT_NETWORK_LIB -DQT_CORE_LIB --include /home/gcarrillo/repos/personal/webos-ce-mono/components/webappmanager/debug-x86/.moc/moc_predefs.h -I/usr/lib/x86_64-linux-gnu/qt5/mkspecs/linux-g++ -I/home/gcarrillo/repos/personal/webos-ce-mono/components/webappmanager -I/home/gcarrillo/repos/personal/webos-ce-mono/components/webappmanager/Src -I/home/gcarrillo/repos/personal/webos-ce-mono/components/webappmanager/Src/base -I/home/gcarrillo/repos/personal/webos-ce-mono/components/webappmanager/Src/base/application -I/home/gcarrillo/repos/personal/webos-ce-mono/components/webappmanager/Src/base/hosts -I/home/gcarrillo/repos/personal/webos-ce-mono/components/webappmanager/Src/base/gesture -I/home/gcarrillo/repos/personal/webos-ce-mono/components/webappmanager/Src/base/windowdata -I/home/gcarrillo/repos/personal/webos-ce-mono/components/webappmanager/Src/base/settings -I/home/gcarrillo/repos/personal/webos-ce-mono/components/webappmanager/Src/core -I/home/gcarrillo/repos/personal/webos-ce-mono/components/webappmanager/Src/sound -I/home/gcarrillo/repos/personal/webos-ce-mono/components/webappmanager/Src/webbase -I/home/gcarrillo/repos/personal/webos-ce-mono/components/webappmanager/Src/lunaui -I/home/gcarrillo/repos/personal/webos-ce-mono/components/webappmanager/Src/lunaui/cards -I/home/gcarrillo/repos/personal/webos-ce-mono/components/webappmanager/Src/lunaui/notifications -I/home/gcarrillo/repos/personal/webos-ce-mono/components/webappmanager/Src/lunaui/emergency -I/home/gcarrillo/repos/personal/webos-ce-mono/components/webappmanager/Src/lunaui/dock -I/home/gcarrillo/repos/personal/webos-ce-mono/components/webappmanager/Src/minimalui -I/home/gcarrillo/repos/personal/webos-ce-mono/components/webappmanager/Src/lunaui/status-bar -I/home/gcarrillo/repos/personal/webos-ce-mono/build-modern/staging/include -I/home/gcarrillo/repos/personal/webos-ce-mono/build-modern/staging/include/Qt -I/home/gcarrillo/repos/personal/webos-ce-mono/build-modern/staging/include/QtCore -I/home/gcarrillo/repos/personal/webos-ce-mono/build-modern/staging/include/QtGui -I/home/gcarrillo/repos/personal/webos-ce-mono/build-modern/staging/include/QtNetwork -I/home/gcarrillo/repos/personal/webos-ce-mono/build-modern/staging/include/QtOpenGL -I/home/gcarrillo/repos/personal/webos-ce-mono/build-modern/staging/include/QtSql -I/home/gcarrillo/repos/personal/webos-ce-mono/build-modern/staging/include/QtDeclarative -I/home/gcarrillo/repos/personal/webos-ce-mono/build-modern/staging/include/sysmgr-ipc -I/home/gcarrillo/repos/personal/webos-ce-mono/build-modern/staging/include/ime -I/home/gcarrillo/repos/personal/webos-ce-mono/build-modern/staging/include/luna-sysmgr-common -I/home/gcarrillo/repos/personal/webos-ce-mono/build-modern/staging/usr/include -I/home/gcarrillo/repos/personal/webos-ce-mono/build-modern/staging/include/QtWebKitWidgets -I/home/gcarrillo/repos/personal/webos-ce-mono/build-modern/staging/include -I/home/gcarrillo/repos/personal/webos-ce-mono/build-modern/staging/usr/include -I/home/gcarrillo/repos/personal/webos-ce-mono/build-modern/staging/usr/include/sysmgr-ipc -I/home/gcarrillo/repos/personal/webos-ce-mono/build-modern/staging/include/luna-sysmgr-common -I/home/gcarrillo/repos/personal/webos-ce-mono/build-modern/staging/include/luna-service2 -I/home/gcarrillo/repos/personal/webos-ce-mono/build-modern/staging/include/ime -I/home/gcarrillo/repos/personal/webos-ce-mono/build-modern/staging/include/webkit/npapi -I/usr/include/glib-2.0 -I/usr/lib/x86_64-linux-gnu/glib-2.0/include -I/usr/include/sysprof-6 -I/usr/include/x86_64-linux-gnu/qt5 -I/usr/include/x86_64-linux-gnu/qt5/QtQuick -I/home/gcarrillo/repos/personal/webos-ce-mono/build-modern/staging/qtwebkit/include -I/home/gcarrillo/repos/personal/webos-ce-mono/build-modern/staging/qtwebkit/include/QtWebKitWidgets -I/home/gcarrillo/repos/personal/webos-ce-mono/build-modern/staging/qtwebkit/include/QtWebKit -I/usr/include/x86_64-linux-gnu/qt5/QtOpenGL -I/usr/include/x86_64-linux-gnu/qt5/QtWidgets -I/usr/include/x86_64-linux-gnu/qt5/QtGui -I/usr/include/x86_64-linux-gnu/qt5/QtQmlModels -I/usr/include/x86_64-linux-gnu/qt5/QtQml -I/usr/include/x86_64-linux-gnu/qt5/QtNetwork -I/usr/include/x86_64-linux-gnu/qt5/QtCore -I/usr/include/c++/16 -I/usr/include/x86_64-linux-gnu/c++/16 -I/usr/include/c++/16/backward -I/usr/lib/gcc/x86_64-linux-gnu/16/include -I/usr/local/include -I/usr/include/x86_64-linux-gnu -I/usr/include Src/webbase/WindowedWebApp.h -o debug-x86/.moc/moc_WindowedWebApp.cpp
g++ -c -pipe -fno-rtti -fno-exceptions -fvisibility=hidden -fvisibility-inlines-hidden -Wall -fpermissive -DFIX_FOR_QT -g -pthread -pthread -D_REENTRANT -Wall -Wextra -Wno-unused-parameter -Wno-unused-variable -Wno-reorder -Wno-missing-field-initializers -Wno-extra -fPIC -DQT_WEBOS -DSHIPPING_VERSION=0 -DTARGET_DESKTOP -DHAVE_OPENGL -DP_BACKEND=P_BACKEND_SOFT -DQT_NO_KEYWORDS -DQT_QUICK_LIB -DQT_WEBKITWIDGETS_LIB -DQT_WEBKIT_LIB -DQT_OPENGL_LIB -DQT_WIDGETS_LIB -DQT_GUI_LIB -DQT_QMLMODELS_LIB -DQT_QML_LIB -DQT_NETWORK_LIB -DQT_CORE_LIB -I. -ISrc -ISrc/base -ISrc/base/application -I./Src/base/hosts -I./Src/base/gesture -ISrc/base/windowdata -ISrc/base/settings -ISrc/core -I./Src/sound -ISrc/webbase -ISrc/lunaui -ISrc/lunaui/cards -ISrc/lunaui/notifications -I./Src/lunaui/emergency -ISrc/lunaui/dock -ISrc/minimalui -I./Src/lunaui/status-bar -I../../build-modern/staging/include -I/home/gcarrillo/repos/personal/webos-ce-mono/build-modern/staging/include/Qt -I/home/gcarrillo/repos/personal/webos-ce-mono/build-modern/staging/include/QtCore -I/home/gcarrillo/repos/personal/webos-ce-mono/build-modern/staging/include/QtGui -I/home/gcarrillo/repos/personal/webos-ce-mono/build-modern/staging/include/QtNetwork -I/home/gcarrillo/repos/personal/webos-ce-mono/build-modern/staging/include/QtOpenGL -I/home/gcarrillo/repos/personal/webos-ce-mono/build-modern/staging/include/QtSql -I/home/gcarrillo/repos/personal/webos-ce-mono/build-modern/staging/include/QtDeclarative -I/home/gcarrillo/repos/personal/webos-ce-mono/build-modern/staging/include/sysmgr-ipc -I../../build-modern/staging/include/ime -I../../build-modern/staging/include/luna-sysmgr-common -I../../build-modern/staging/usr/include -I/home/gcarrillo/repos/personal/webos-ce-mono/build-modern/staging/include/QtWebKitWidgets -I../../build-modern/staging/include -I../../build-modern/staging/usr/include -I../../build-modern/staging/usr/include/sysmgr-ipc -I../../build-modern/staging/include/luna-sysmgr-common -I../../build-modern/staging/include/luna-service2 -I../../build-modern/staging/include/ime -I/home/gcarrillo/repos/personal/webos-ce-mono/build-modern/staging/include/webkit/npapi -I/usr/include/glib-2.0 -I/usr/lib/x86_64-linux-gnu/glib-2.0/include -I/usr/include/sysprof-6 -I/usr/include/x86_64-linux-gnu/qt5 -I/usr/include/x86_64-linux-gnu/qt5/QtQuick -I../../build-modern/staging/qtwebkit/include -I../../build-modern/staging/qtwebkit/include/QtWebKitWidgets -I../../build-modern/staging/qtwebkit/include/QtWebKit -I/usr/include/x86_64-linux-gnu/qt5/QtOpenGL -I/usr/include/x86_64-linux-gnu/qt5/QtWidgets -I/usr/include/x86_64-linux-gnu/qt5/QtGui -I/usr/include/x86_64-linux-gnu/qt5/QtQmlModels -I/usr/include/x86_64-linux-gnu/qt5/QtQml -I/usr/include/x86_64-linux-gnu/qt5/QtNetwork -I/usr/include/x86_64-linux-gnu/qt5/QtCore -Idebug-x86/.moc -I/usr/lib/x86_64-linux-gnu/qt5/mkspecs/linux-g++ -o debug-x86/.obj/moc_WindowedWebApp.o debug-x86/.moc/moc_WindowedWebApp.cpp
In file included from debug-x86/.moc/../../Src/webbase/WindowedWebApp.h:29,
                 from debug-x86/.moc/moc_WindowedWebApp.cpp:10:
../../build-modern/staging/include/luna-sysmgr-common/AsyncCaller.h:49:26: warning: ‘GStaticRecMutex’ is deprecated: Use 'GRecMutex' instead [-Wdeprecated-declarations]
   49 |         GStaticRecMutex* m_mutex;
      |                          ^~~~~~~
In file included from /usr/include/glib-2.0/glib.h:115,
                 from ../../build-modern/staging/include/luna-sysmgr-common/AsyncCaller.h:27:
/usr/include/glib-2.0/glib/deprecated/gthread.h:160:33: note: declared here
  160 | typedef struct _GStaticRecMutex GStaticRecMutex GLIB_DEPRECATED_TYPE_IN_2_32_FOR(GRecMutex);
      |                                 ^~~~~~~~~~~~~~~
In file included from debug-x86/.moc/../../Src/webbase/WindowedWebApp.h:32:
../../build-modern/staging/include/luna-sysmgr-common/Event.h: In static member function ‘static bool Event::isPenEvent(Event*)’:
../../build-modern/staging/include/luna-sysmgr-common/Event.h:65:33: warning: bitwise operation between different enumeration types ‘SysMgrEvent::Type’ and ‘SysMgrEvent::EventMasks’ is deprecated [-Wdeprecated-enum-enum-conversion]
   65 |                 return (e->type & PenMask);
      |                         ~~~~~~~~^~~~~~~~~
../../build-modern/staging/include/luna-sysmgr-common/Event.h: In static member function ‘static bool Event::isKeyEvent(Event*)’:
../../build-modern/staging/include/luna-sysmgr-common/Event.h:69:33: warning: bitwise operation between different enumeration types ‘SysMgrEvent::Type’ and ‘SysMgrEvent::EventMasks’ is deprecated [-Wdeprecated-enum-enum-conversion]
   69 |                 return (e->type & KeyMask);
      |                         ~~~~~~~~^~~~~~~~~
../../build-modern/staging/include/luna-sysmgr-common/Event.h: In static member function ‘static bool Event::isGestureEvent(Event*)’:
../../build-modern/staging/include/luna-sysmgr-common/Event.h:73:33: warning: bitwise operation between different enumeration types ‘SysMgrEvent::Type’ and ‘SysMgrEvent::EventMasks’ is deprecated [-Wdeprecated-enum-enum-conversion]
   73 |                 return (e->type & GestureMask);
      |                         ~~~~~~~~^~~~~~~~~~~~~
../../build-modern/staging/include/luna-sysmgr-common/Event.h: In static member function ‘static bool Event::isPenOffEvent(Event*)’:
../../build-modern/staging/include/luna-sysmgr-common/Event.h:77:34: warning: bitwise operation between different enumeration types ‘SysMgrEvent::Type’ and ‘SysMgrEvent::EventMasks’ is deprecated [-Wdeprecated-enum-enum-conversion]
   77 |                 return ((e->type & PenMask) &&
      |                          ~~~~~~~~^~~~~~~~~
g++ -Wl,-rpath,/home/gcarrillo/repos/personal/webos-ce-mono/build-modern/staging/qtwebkit/lib/x86_64-linux-gnu -Wl,-rpath,/home/gcarrillo/repos/personal/webos-ce-mono/build-modern/staging/qtwebkit/lib/x86_64-linux-gnu -Wl,-rpath-link,/usr/lib/x86_64-linux-gnu -o debug-x86/WebAppMgr debug-x86/.obj/AlertWebApp.o debug-x86/.obj/ApplicationDescription.o debug-x86/.obj/BackupManager.o debug-x86/.obj/BannerMessageEventFactory.o debug-x86/.obj/CardWebApp.o debug-x86/.obj/DashboardWebApp.o debug-x86/.obj/DeviceInfo.o debug-x86/.obj/DockWebApp.o debug-x86/.obj/EventReporter.o debug-x86/.obj/KeyboardMapping.o debug-x86/.obj/KeywordMap.o debug-x86/.obj/Main.o debug-x86/.obj/MemoryWatcher.o debug-x86/.obj/PalmSystem.o debug-x86/.obj/ProcessManager.o debug-x86/.obj/RemoteWindowData.o debug-x86/.obj/SyncTask.o debug-x86/.obj/SysMgrWebBridge.o debug-x86/.obj/WebAppBase.o debug-x86/.obj/WebAppCache.o debug-x86/.obj/WebAppDeferredUpdateHandler.o debug-x86/.obj/WebAppFactory.o debug-x86/.obj/WebAppFactoryMinimal.o debug-x86/.obj/WebAppFactoryLuna.o debug-x86/.obj/WebAppManager.o debug-x86/.obj/WebKitEventListener.o debug-x86/.obj/WindowedWebApp.o debug-x86/.obj/RemoteWindowDataSoftwareQt.o debug-x86/.obj/RemoteWindowDataOpenGLQt.o debug-x86/.obj/moc_PalmSystem.o debug-x86/.obj/moc_SysMgrWebBridge.o debug-x86/.obj/moc_WebAppBase.o debug-x86/.obj/moc_WindowedWebApp.o   -lcjson -lLunaSysMgrIpc -llunaservice -lpbnjson_cpp -lssl -lcrypto -lLunaSysMgrCommon -Wl,-rpath /home/gcarrillo/repos/personal/webos-ce-mono/build-modern/staging/lib -Wl,-rpath /home/gcarrillo/repos/personal/webos-ce-mono/build-modern/staging/usr/lib -L/home/gcarrillo/repos/personal/webos-ce-mono/build-modern/staging/lib -L/home/gcarrillo/repos/personal/webos-ce-mono/build-modern/staging/usr/lib -lgthread-2.0 -pthread -lglib-2.0 -lsqlite3 /usr/lib/x86_64-linux-gnu/libQt5Quick.so /home/gcarrillo/repos/personal/webos-ce-mono/build-modern/staging/qtwebkit/lib/x86_64-linux-gnu/libQt5WebKitWidgets.so /home/gcarrillo/repos/personal/webos-ce-mono/build-modern/staging/qtwebkit/lib/x86_64-linux-gnu/libQt5WebKit.so /usr/lib/x86_64-linux-gnu/libQt5OpenGL.so /usr/lib/x86_64-linux-gnu/libQt5Widgets.so /usr/lib/x86_64-linux-gnu/libQt5Gui.so /usr/lib/x86_64-linux-gnu/libQt5QmlModels.so /usr/lib/x86_64-linux-gnu/libQt5Qml.so /usr/lib/x86_64-linux-gnu/libQt5Network.so /usr/lib/x86_64-linux-gnu/libQt5Core.so -lGL -lpthread   
